[2026-09-17 17:31:35]   git: From https://github.com/dunking99/Meridian-Primary
[2026-09-17 17:31:35]   git:  * branch            main       -> FETCH_HEAD
[2026-09-17 17:31:35] No update available (up to date at 4128d1b).
[2026-09-17 17:36:35]   git: From https://github.com/dunking99/Meridian-Primary
[2026-09-17 17:36:35]   git:  * branch            main       -> FETCH_HEAD
[2026-09-17 17:36:35] No update available (up to date at 4128d1b).
[2026-09-17 17:41:35]   git: From https://github.com/dunking99/Meridian-Primary
[2026-09-17 17:41:35]   git:  * branch            main       -> FETCH_HEAD
[2026-09-17 17:41:36] No update available (up to date at 4128d1b).
[2026-09-17 17:46:35]   git: From https://github.com/dunking99/Meridian-Primary
[2026-09-17 17:46:35]   git:  * branch            main       -> FETCH_HEAD
[2026-09-17 17:46:35] No update available (up to date at 4128d1b).
[2026-09-17 17:51:35]   git: From https://github.com/dunking99/Meridian-Primary
[2026-09-17 17:51:35]   git:  * branch            main       -> FETCH_HEAD
[2026-09-17 17:51:36] No update available (up to date at 4128d1b).
[2026-09-17 17:56:35]   git: From https://github.com/dunking99/Meridian-Primary
[2026-09-17 17:56:35]   git:  * branch            main       -> FETCH_HEAD
[2026-09-17 17:56:36] No update available (up to date at 4128d1b).
[2026-09-17 18:01:35]   git: From https://github.com/dunking99/Meridian-Primary
[2026-09-17 18:01:35]   git:  * branch            main       -> FETCH_HEAD
[2026-09-17 18:01:35] No update available (up to date at 4128d1b).
[2026-09-17 18:06:35]   git: From https://github.com/dunking99/Meridian-Primary
[2026-09-17 18:06:35]   git:  * branch            main       -> FETCH_HEAD
[2026-09-17 18:06:35] No update available (up to date at 4128d1b).
[2026-09-17 18:11:35]   git: From https://github.com/dunking99/Meridian-Primary
[2026-09-17 18:11:35]   git:  * branch            main       -> FETCH_HEAD
[2026-09-17 18:11:35] No update available (up to date at 4128d1b).
[2026-09-17 18:16:35]   git: From https://github.com/dunking99/Meridian-Primary
[2026-09-17 18:16:35]   git:  * branch            main       -> FETCH_HEAD
[2026-09-17 18:16:35] No update available (up to date at 4128d1b).
[2026-09-17 18:21:35]   git: From https://github.com/dunking99/Meridian-Primary
[2026-09-17 18:21:35]   git:  * branch            main       -> FETCH_HEAD
[2026-09-17 18:21:35] No update available (up to date at 4128d1b).
[2026-09-17 18:26:35]   git: From https://github.com/dunking99/Meridian-Primary
[2026-09-17 18:26:35]   git:  * branch            main       -> FETCH_HEAD
[2026-09-17 18:26:35] No update available (up to date at 4128d1b).
[2026-09-17 18:31:35]   git: From https://github.com/dunking99/Meridian-Primary
[2026-09-17 18:31:35]   git:  * branch            main       -> FETCH_HEAD
[2026-09-17 18:31:35] No update available (up to date at 4128d1b).
[2026-09-17 18:36:35]   git: From https://github.com/dunking99/Meridian-Primary
[2026-09-17 18:36:35]   git:  * branch            main       -> FETCH_HEAD
[2026-09-17 18:36:35] No update available (up to date at 4128d1b).
[2026-09-17 18:41:35]   git: From https://github.com/dunking99/Meridian-Primary
[2026-09-17 18:41:35]   git:  * branch            main       -> FETCH_HEAD
[2026-09-17 18:41:35] No update available (up to date at 4128d1b).
[2026-09-17 18:46:35]   git: From https://github.com/dunking99/Meridian-Primary
[2026-09-17 18:46:35]   git:  * branch            main       -> FETCH_HEAD
[2026-09-17 18:46:35] No update available (up to date at 4128d1b).
[2026-09-17 18:51:35]   git: From https://github.com/dunking99/Meridian-Primary
[2026-09-17 18:51:35]   git:  * branch            main       -> FETCH_HEAD
[2026-09-17 18:51:35] No update available (up to date at 4128d1b).
[2026-09-17 18:56:35]   git: From https://github.com/dunking99/Meridian-Primary
[2026-09-17 18:56:35]   git:  * branch            main       -> FETCH_HEAD
[2026-09-17 18:56:35] No update available (up to date at 4128d1b).
[2026-09-17 19:01:35]   git: From https://github.com/dunking99/Meridian-Primary
[2026-09-17 19:01:35]   git:  * branch            main       -> FETCH_HEAD
[2026-09-17 19:01:35] No update available (up to date at 4128d1b).
[2026-09-17 19:06:35]   git: From https://github.com/dunking99/Meridian-Primary
[2026-09-17 19:06:35]   git:  * branch            main       -> FETCH_HEAD
[2026-09-17 19:06:35] No update available (up to date at 4128d1b).
[2026-09-17 19:11:35]   git: From https://github.com/dunking99/Meridian-Primary
[2026-09-17 19:11:35]   git:  * branch            main       -> FETCH_HEAD
[2026-09-17 19:11:35] No update available (up to date at 4128d1b).
[2026-09-17 19:16:35]   git: From https://github.com/dunking99/Meridian-Primary
[2026-09-17 19:16:35]   git:  * branch            main       -> FETCH_HEAD
[2026-09-17 19:16:35] No update available (up to date at 4128d1b).
[2026-09-17 19:21:35]   git: From https://github.com/dunking99/Meridian-Primary
[2026-09-17 19:21:35]   git:  * branch            main       -> FETCH_HEAD
[2026-09-17 19:21:35] No update available (up to date at 4128d1b).
[2026-09-17 19:26:35]   git: From https://github.com/dunking99/Meridian-Primary
[2026-09-17 19:26:35]   git:  * branch            main       -> FETCH_HEAD
[2026-09-17 19:26:35] No update available (up to date at 4128d1b).
[2026-09-17 19:31:35]   git: From https://github.com/dunking99/Meridian-Primary
[2026-09-17 19:31:35]   git:  * branch            main       -> FETCH_HEAD
[2026-09-17 19:31:35] No update available (up to date at 4128d1b).
[2026-09-17 19:36:35]   git: From https://github.com/dunking99/Meridian-Primary
[2026-09-17 19:36:35]   git:  * branch            main       -> FETCH_HEAD
[2026-09-17 19:36:35] No update available (up to date at 4128d1b).
[2026-09-17 19:41:35]   git: From https://github.com/dunking99/Meridian-Primary
[2026-09-17 19:41:35]   git:  * branch            main       -> FETCH_HEAD
[2026-09-17 19:41:35] No update available (up to date at 4128d1b).
[2026-09-17 19:46:35]   git: From https://github.com/dunking99/Meridian-Primary
[2026-09-17 19:46:35]   git:  * branch            main       -> FETCH_HEAD
[2026-09-17 19:46:35] No update available (up to date at 4128d1b).
[2026-09-17 19:51:35]   git: From https://github.com/dunking99/Meridian-Primary
[2026-09-17 19:51:35]   git:  * branch            main       -> FETCH_HEAD
[2026-09-17 19:51:35] No update available (up to date at 4128d1b).
[2026-09-17 19:56:35]   git: From https://github.com/dunking99/Meridian-Primary
[2026-09-17 19:56:35]   git:  * branch            main       -> FETCH_HEAD
[2026-09-17 19:56:35] No update available (up to date at 4128d1b).
[2026-09-17 20:01:35]   git: From https://github.com/dunking99/Meridian-Primary
[2026-09-17 20:01:35]   git:  * branch            main       -> FETCH_HEAD
[2026-09-17 20:01:35] No update available (up to date at 4128d1b).
[2026-09-17 20:06:35]   git: From https://github.com/dunking99/Meridian-Primary
[2026-09-17 20:06:35]   git:  * branch            main       -> FETCH_HEAD
[2026-09-17 20:06:35] No update available (up to date at 4128d1b).
[2026-09-17 20:11:35]   git: From https://github.com/dunking99/Meridian-Primary
[2026-09-17 20:11:35]   git:  * branch            main       -> FETCH_HEAD
[2026-09-17 20:11:35] No update available (up to date at 4128d1b).
[2026-09-17 20:16:35]   git: From https://github.com/dunking99/Meridian-Primary
[2026-09-17 20:16:35]   git:  * branch            main       -> FETCH_HEAD
[2026-09-17 20:16:35] No update available (up to date at 4128d1b).
[2026-09-17 20:21:35]   git: From https://github.com/dunking99/Meridian-Primary
[2026-09-17 20:21:35]   git:  * branch            main       -> FETCH_HEAD
[2026-09-17 20:21:35] No update available (up to date at 4128d1b).
[2026-09-17 20:26:35]   git: From https://github.com/dunking99/Meridian-Primary
[2026-09-17 20:26:35]   git:  * branch            main       -> FETCH_HEAD
[2026-09-17 20:26:35] No update available (up to date at 4128d1b).
[2026-09-17 20:31:35]   git: From https://github.com/dunking99/Meridian-Primary
[2026-09-17 20:31:35]   git:  * branch            main       -> FETCH_HEAD
[2026-09-17 20:31:35] No update available (up to date at 4128d1b).
[2026-09-17 20:36:35]   git: From https://github.com/dunking99/Meridian-Primary
[2026-09-17 20:36:35]   git:  * branch            main       -> FETCH_HEAD
[2026-09-17 20:36:35] No update available (up to date at 4128d1b).
[2026-09-17 20:41:35]   git: From https://github.com/dunking99/Meridian-Primary
[2026-09-17 20:41:35]   git:  * branch            main       -> FETCH_HEAD
[2026-09-17 20:41:35] No update available (up to date at 4128d1b).
[2026-09-17 20:46:35]   git: From https://github.com/dunking99/Meridian-Primary
[2026-09-17 20:46:35]   git:  * branch            main       -> FETCH_HEAD
[2026-09-17 20:46:35] No update available (up to date at 4128d1b).
[2026-09-17 20:51:35]   git: From https://github.com/dunking99/Meridian-Primary
[2026-09-17 20:51:35]   git:  * branch            main       -> FETCH_HEAD
[2026-09-17 20:51:35] No update available (up to date at 4128d1b).
[2026-09-17 20:56:35]   git: From https://github.com/dunking99/Meridian-Primary
[2026-09-17 20:56:35]   git:  * branch            main       -> FETCH_HEAD
[2026-09-17 20:56:35] No update available (up to date at 4128d1b).
[2026-09-17 21:01:35]   git: From https://github.com/dunking99/Meridian-Primary
[2026-09-17 21:01:35]   git:  * branch            main       -> FETCH_HEAD
[2026-09-17 21:01:35] No update available (up to date at 4128d1b).
[2026-09-17 21:06:35]   git: From https://github.com/dunking99/Meridian-Primary
[2026-09-17 21:06:35]   git:  * branch            main       -> FETCH_HEAD
[2026-09-17 21:06:35] No update available (up to date at 4128d1b).
[2026-09-17 21:11:35]   git: From https://github.com/dunking99/Meridian-Primary
[2026-09-17 21:11:35]   git:  * branch            main       -> FETCH_HEAD
[2026-09-17 21:11:35] No update available (up to date at 4128d1b).
[2026-09-17 21:16:35]   git: From https://github.com/dunking99/Meridian-Primary
[2026-09-17 21:16:35]   git:  * branch            main       -> FETCH_HEAD
[2026-09-17 21:16:35] No update available (up to date at 4128d1b).
[2026-09-17 21:21:35]   git: From https://github.com/dunking99/Meridian-Primary
[2026-09-17 21:21:35]   git:  * branch            main       -> FETCH_HEAD
[2026-09-17 21:21:35] No update available (up to date at 4128d1b).
[2026-09-17 21:26:35]   git: From https://github.com/dunking99/Meridian-Primary
[2026-09-17 21:26:35]   git:  * branch            main       -> FETCH_HEAD
[2026-09-17 21:26:35] No update available (up to date at 4128d1b).
[2026-09-17 21:31:35]   git: From https://github.com/dunking99/Meridian-Primary
[2026-09-17 21:31:35]   git:  * branch            main       -> FETCH_HEAD
[2026-09-17 21:31:35] No update available (up to date at 4128d1b).
[2026-09-17 21:36:35]   git: From https://github.com/dunking99/Meridian-Primary
[2026-09-17 21:36:35]   git:  * branch            main       -> FETCH_HEAD
[2026-09-17 21:36:35] No update available (up to date at 4128d1b).
[2026-09-17 21:41:35]   git: From https://github.com/dunking99/Meridian-Primary
[2026-09-17 21:41:35]   git:  * branch            main       -> FETCH_HEAD
[2026-09-17 21:41:35] No update available (up to date at 4128d1b).
[2026-09-17 21:46:35]   git: From https://github.com/dunking99/Meridian-Primary
[2026-09-17 21:46:35]   git:  * branch            main       -> FETCH_HEAD
[2026-09-17 21:46:35] No update available (up to date at 4128d1b).
[2026-09-17 21:51:36]   git: From https://github.com/dunking99/Meridian-Primary
[2026-09-17 21:51:36]   git:  * branch            main       -> FETCH_HEAD
[2026-09-17 21:51:36] No update available (up to date at 4128d1b).
[2026-09-17 21:56:36]   git: From https://github.com/dunking99/Meridian-Primary
[2026-09-17 21:56:36]   git:  * branch            main       -> FETCH_HEAD
[2026-09-17 21:56:36] No update available (up to date at 4128d1b).
[2026-09-17 22:01:36]   git: From https://github.com/dunking99/Meridian-Primary
[2026-09-17 22:01:36]   git:  * branch            main       -> FETCH_HEAD
[2026-09-17 22:01:36] No update available (up to date at 4128d1b).
[2026-09-17 22:06:36]   git: From https://github.com/dunking99/Meridian-Primary
[2026-09-17 22:06:36]   git:  * branch            main       -> FETCH_HEAD
[2026-09-17 22:06:37] No update available (up to date at 4128d1b).
[2026-09-17 22:11:36]   git: From https://github.com/dunking99/Meridian-Primary
[2026-09-17 22:11:36]   git:  * branch            main       -> FETCH_HEAD
[2026-09-17 22:11:36] No update available (up to date at 4128d1b).
[2026-09-17 22:16:36]   git: From https://github.com/dunking99/Meridian-Primary
[2026-09-17 22:16:36]   git:  * branch            main       -> FETCH_HEAD
[2026-09-17 22:16:36] No update available (up to date at 4128d1b).
[2026-09-17 22:21:35]   git: From https://github.com/dunking99/Meridian-Primary
[2026-09-17 22:21:35]   git:  * branch            main       -> FETCH_HEAD
[2026-09-17 22:21:35] No update available (up to date at 4128d1b).
[2026-09-17 22:26:38]   git: From https://github.com/dunking99/Meridian-Primary
[2026-09-17 22:26:38]   git:  * branch            main       -> FETCH_HEAD
[2026-09-17 22:26:38] No update available (up to date at 4128d1b).
[2026-09-17 22:31:36]   git: From https://github.com/dunking99/Meridian-Primary
[2026-09-17 22:31:36]   git:  * branch            main       -> FETCH_HEAD
[2026-09-17 22:31:36] No update available (up to date at 4128d1b).
[2026-09-17 22:36:35]   git: From https://github.com/dunking99/Meridian-Primary
[2026-09-17 22:36:35]   git:  * branch            main       -> FETCH_HEAD
[2026-09-17 22:36:35] No update available (up to date at 4128d1b).
[2026-09-17 22:41:35]   git: From https://github.com/dunking99/Meridian-Primary
[2026-09-17 22:41:35]   git:  * branch            main       -> FETCH_HEAD
[2026-09-17 22:41:35] No update available (up to date at 4128d1b).
[2026-09-17 22:46:35]   git: From https://github.com/dunking99/Meridian-Primary
[2026-09-17 22:46:35]   git:  * branch            main       -> FETCH_HEAD
[2026-09-17 22:46:35] No update available (up to date at 4128d1b).
[2026-09-17 22:51:35]   git: From https://github.com/dunking99/Meridian-Primary
[2026-09-17 22:51:35]   git:  * branch            main       -> FETCH_HEAD
[2026-09-17 22:51:35] No update available (up to date at 4128d1b).
[2026-09-17 22:56:36]   git: From https://github.com/dunking99/Meridian-Primary
[2026-09-17 22:56:36]   git:  * branch            main       -> FETCH_HEAD
[2026-09-17 22:56:36] No update available (up to date at 4128d1b).
[2026-09-17 23:01:35]   git: From https://github.com/dunking99/Meridian-Primary
[2026-09-17 23:01:35]   git:  * branch            main       -> FETCH_HEAD
[2026-09-17 23:01:35] No update available (up to date at 4128d1b).
[2026-09-17 23:06:36]   git: From https://github.com/dunking99/Meridian-Primary
[2026-09-17 23:06:36]   git:  * branch            main       -> FETCH_HEAD
[2026-09-17 23:06:36] No update available (up to date at 4128d1b).
[2026-09-17 23:11:36]   git: From https://github.com/dunking99/Meridian-Primary
[2026-09-17 23:11:36]   git:  * branch            main       -> FETCH_HEAD
[2026-09-17 23:11:36] No update available (up to date at 4128d1b).
[2026-09-17 23:16:36]   git: From https://github.com/dunking99/Meridian-Primary
[2026-09-17 23:16:36]   git:  * branch            main       -> FETCH_HEAD
[2026-09-17 23:16:36] No update available (up to date at 4128d1b).
[2026-09-17 23:21:36]   git: From https://github.com/dunking99/Meridian-Primary
[2026-09-17 23:21:36]   git:  * branch            main       -> FETCH_HEAD
[2026-09-17 23:21:36] No update available (up to date at 4128d1b).
[2026-09-17 23:26:35]   git: From https://github.com/dunking99/Meridian-Primary
[2026-09-17 23:26:35]   git:  * branch            main       -> FETCH_HEAD
[2026-09-17 23:26:35] No update available (up to date at 4128d1b).
[2026-09-17 23:31:35]   git: From https://github.com/dunking99/Meridian-Primary
[2026-09-17 23:31:35]   git:  * branch            main       -> FETCH_HEAD
[2026-09-17 23:31:35] No update available (up to date at 4128d1b).
[2026-09-18 14:16:55]   git: From https://github.com/dunking99/Meridian-Primary
[2026-09-18 14:16:55]   git:  * branch            main       -> FETCH_HEAD
[2026-09-18 14:16:55]   git:    4128d1b..2acf2a6  main       -> origin/main
[2026-09-18 14:16:55] Update available: 4128d1b -> 2acf2a6
[2026-09-18 14:16:55] Backed up 7 file(s) to _archive\20260918-141655 before updating.
[2026-09-18 14:16:56]   git: From https://github.com/dunking99/Meridian-Primary
[2026-09-18 14:16:56]   git:  * branch            main       -> FETCH_HEAD
[2026-09-18 14:16:56]   git: Updating 4128d1b..2acf2a6
[2026-09-18 14:16:56]   git: Fast-forward
[2026-09-18 14:16:56]   git:  README.md                     |  48 +++++++++
[2026-09-18 14:16:56]   git:  scripts/test-ai.mjs           | 242 ++++++++++++++++++++++++++++++++++++++++++
[2026-09-18 14:16:56]   git:  scripts/test-attribution.mjs  |  28 +++++
[2026-09-18 14:16:56]   git:  server/engines/attribution.js |  12 ++-
[2026-09-18 14:16:56]   git:  server/engines/bullbear.js    |   7 +-
[2026-09-18 14:16:56]   git:  server/sources/ai.js          | 128 +++++++++++++++-------
[2026-09-18 14:16:56]   git:  src/App.jsx                   |  76 +++++++++----
[2026-09-18 14:16:56]   git:  7 files changed, 478 insertions(+), 63 deletions(-)
[2026-09-18 14:16:56]   git:  create mode 100644 scripts/test-ai.mjs
[2026-09-18 14:16:56] Restarting Meridian...
[2026-09-18 14:16:59] Restart issued.
[2026-09-18 14:16:59] Update complete. Now at 2acf2a6.
[2026-09-18 14:22:43]   git: From https://github.com/dunking99/Meridian-Primary
[2026-09-18 14:22:43]   git:  * branch            main       -> FETCH_HEAD
[2026-09-18 14:22:43] No update available (up to date at 2acf2a6).
[2026-09-18 14:26:35]   git: From https://github.com/dunking99/Meridian-Primary
[2026-09-18 14:26:35]   git:  * branch            main       -> FETCH_HEAD
[2026-09-18 14:26:35] No update available (up to date at 2acf2a6).
[2026-09-18 14:31:35]   git: From https://github.com/dunking99/Meridian-Primary
[2026-09-18 14:31:35]   git:  * branch            main       -> FETCH_HEAD
[2026-09-18 14:31:35] No update available (up to date at 2acf2a6).
[2026-09-18 14:36:35]   git: From https://github.com/dunking99/Meridian-Primary
[2026-09-18 14:36:35]   git:  * branch            main       -> FETCH_HEAD
[2026-09-18 14:36:35] No update available (up to date at 2acf2a6).
[2026-09-18 14:41:35]   git: From https://github.com/dunking99/Meridian-Primary
[2026-09-18 14:41:35]   git:  * branch            main       -> FETCH_HEAD
[2026-09-18 14:41:35] No update available (up to date at 2acf2a6).
[2026-09-18 14:46:35]   git: From https://github.com/dunking99/Meridian-Primary
[2026-09-18 14:46:35]   git:  * branch            main       -> FETCH_HEAD
[2026-09-18 14:46:35] No update available (up to date at 2acf2a6).
[2026-09-18 14:51:35]   git: From https://github.com/dunking99/Meridian-Primary
[2026-09-18 14:51:35]   git:  * branch            main       -> FETCH_HEAD
[2026-09-18 14:51:35] No update available (up to date at 2acf2a6).
[2026-09-18 14:56:35]   git: From https://github.com/dunking99/Meridian-Primary
[2026-09-18 14:56:35]   git:  * branch            main       -> FETCH_HEAD
[2026-09-18 14:56:35] No update available (up to date at 2acf2a6).
[2026-09-18 15:01:35]   git: From https://github.com/dunking99/Meridian-Primary
[2026-09-18 15:01:35]   git:  * branch            main       -> FETCH_HEAD
[2026-09-18 15:01:35] No update available (up to date at 2acf2a6).
[2026-09-18 15:06:35]   git: From https://github.com/dunking99/Meridian-Primary
[2026-09-18 15:06:35]   git:  * branch            main       -> FETCH_HEAD
[2026-09-18 15:06:35] No update available (up to date at 2acf2a6).
[2026-09-18 15:11:35]   git: From https://github.com/dunking99/Meridian-Primary
[2026-09-18 15:11:35]   git:  * branch            main       -> FETCH_HEAD
[2026-09-18 15:11:35] No update available (up to date at 2acf2a6).
[2026-09-18 15:16:35]   git: From https://github.com/dunking99/Meridian-Primary
[2026-09-18 15:16:35]   git:  * branch            main       -> FETCH_HEAD
[2026-09-18 15:16:35] No update available (up to date at 2acf2a6).
[2026-09-18 15:21:35]   git: From https://github.com/dunking99/Meridian-Primary
[2026-09-18 15:21:35]   git:  * branch            main       -> FETCH_HEAD
[2026-09-18 15:21:35] No update available (up to date at 2acf2a6).
[2026-09-18 15:26:35]   git: From https://github.com/dunking99/Meridian-Primary
[2026-09-18 15:26:35]   git:  * branch            main       -> FETCH_HEAD
[2026-09-18 15:26:35] No update available (up to date at 2acf2a6).
[2026-09-18 15:31:35]   git: From https://github.com/dunking99/Meridian-Primary
[2026-09-18 15:31:35]   git:  * branch            main       -> FETCH_HEAD
[2026-09-18 15:31:35] No update available (up to date at 2acf2a6).
[2026-09-18 15:36:35]   git: From https://github.com/dunking99/Meridian-Primary
[2026-09-18 15:36:35]   git:  * branch            main       -> FETCH_HEAD
[2026-09-18 15:36:35] No update available (up to date at 2acf2a6).
[2026-09-18 15:41:35]   git: From https://github.com/dunking99/Meridian-Primary
[2026-09-18 15:41:35]   git:  * branch            main       -> FETCH_HEAD
[2026-09-18 15:41:35] No update available (up to date at 2acf2a6).
[2026-09-18 15:46:35]   git: From https://github.com/dunking99/Meridian-Primary
[2026-09-18 15:46:35]   git:  * branch            main       -> FETCH_HEAD
[2026-09-18 15:46:35] No update available (up to date at 2acf2a6).
[2026-09-18 15:51:35]   git: From https://github.com/dunking99/Meridian-Primary
[2026-09-18 15:51:35]   git:  * branch            main       -> FETCH_HEAD
[2026-09-18 15:51:36] No update available (up to date at 2acf2a6).
[2026-09-18 15:56:35]   git: From https://github.com/dunking99/Meridian-Primary
[2026-09-18 15:56:35]   git:  * branch            main       -> FETCH_HEAD
[2026-09-18 15:56:35] No update available (up to date at 2acf2a6).
[2026-09-18 16:01:35]   git: From https://github.com/dunking99/Meridian-Primary
[2026-09-18 16:01:35]   git:  * branch            main       -> FETCH_HEAD
[2026-09-18 16:01:35] No update available (up to date at 2acf2a6).
[2026-09-18 16:06:35]   git: From https://github.com/dunking99/Meridian-Primary
[2026-09-18 16:06:35]   git:  * branch            main       -> FETCH_HEAD
[2026-09-18 16:06:35] No update available (up to date at 2acf2a6).
[2026-09-18 16:11:35]   git: From https://github.com/dunking99/Meridian-Primary
[2026-09-18 16:11:35]   git:  * branch            main       -> FETCH_HEAD
[2026-09-18 16:11:35] No update available (up to date at 2acf2a6).
[2026-09-18 16:16:35]   git: From https://github.com/dunking99/Meridian-Primary
[2026-09-18 16:16:35]   git:  * branch            main       -> FETCH_HEAD
[2026-09-18 16:16:35] No update available (up to date at 2acf2a6).
[2026-09-18 16:21:35]   git: From https://github.com/dunking99/Meridian-Primary
[2026-09-18 16:21:35]   git:  * branch            main       -> FETCH_HEAD
[2026-09-18 16:21:35] No update available (up to date at 2acf2a6).
[2026-09-18 16:26:35]   git: From https://github.com/dunking99/Meridian-Primary
[2026-09-18 16:26:35]   git:  * branch            main       -> FETCH_HEAD
[2026-09-18 16:26:35] No update available (up to date at 2acf2a6).
[2026-09-18 16:31:35]   git: From https://github.com/dunking99/Meridian-Primary
[2026-09-18 16:31:35]   git:  * branch            main       -> FETCH_HEAD
[2026-09-18 16:31:35] No update available (up to date at 2acf2a6).
[2026-09-18 16:36:35]   git: From https://github.com/dunking99/Meridian-Primary
[2026-09-18 16:36:35]   git:  * branch            main       -> FETCH_HEAD
[2026-09-18 16:36:35] No update available (up to date at 2acf2a6).
[2026-09-18 16:41:35]   git: From https://github.com/dunking99/Meridian-Primary
[2026-09-18 16:41:35]   git:  * branch            main       -> FETCH_HEAD
[2026-09-18 16:41:35] No update available (up to date at 2acf2a6).
[2026-09-18 16:46:35]   git: From https://github.com/dunking99/Meridian-Primary
[2026-09-18 16:46:35]   git:  * branch            main       -> FETCH_HEAD
[2026-09-18 16:46:35] No update available (up to date at 2acf2a6).
[2026-09-18 16:51:35]   git: From https://github.com/dunking99/Meridian-Primary
[2026-09-18 16:51:35]   git:  * branch            main       -> FETCH_HEAD
[2026-09-18 16:51:35] No update available (up to date at 2acf2a6).
[2026-09-18 16:56:35]   git: From https://github.com/dunking99/Meridian-Primary
[2026-09-18 16:56:35]   git:  * branch            main       -> FETCH_HEAD
[2026-09-18 16:56:35] No update available (up to date at 2acf2a6).
[2026-09-18 17:01:35]   git: From https://github.com/dunking99/Meridian-Primary
[2026-09-18 17:01:35]   git:  * branch            main       -> FETCH_HEAD
[2026-09-18 17:01:35] No update available (up to date at 2acf2a6).
[2026-09-18 17:06:35]   git: From https://github.com/dunking99/Meridian-Primary
[2026-09-18 17:06:35]   git:  * branch            main       -> FETCH_HEAD
[2026-09-18 17:06:35] No update available (up to date at 2acf2a6).
[2026-09-18 17:11:35]   git: From https://github.com/dunking99/Meridian-Primary
[2026-09-18 17:11:35]   git:  * branch            main       -> FETCH_HEAD
[2026-09-18 17:11:35] No update available (up to date at 2acf2a6).
[2026-09-18 17:16:35]   git: From https://github.com/dunking99/Meridian-Primary
[2026-09-18 17:16:35]   git:  * branch            main       -> FETCH_HEAD
[2026-09-18 17:16:35] No update available (up to date at 2acf2a6).
[2026-09-18 17:21:35]   git: From https://github.com/dunking99/Meridian-Primary
[2026-09-18 17:21:35]   git:  * branch            main       -> FETCH_HEAD
[2026-09-18 17:21:35] No update available (up to date at 2acf2a6).
[2026-09-18 17:26:37]   git: From https://github.com/dunking99/Meridian-Primary
[2026-09-18 17:26:37]   git:  * branch            main       -> FETCH_HEAD
[2026-09-18 17:26:37] No update available (up to date at 2acf2a6).
[2026-09-18 17:31:35]   git: From https://github.com/dunking99/Meridian-Primary
[2026-09-18 17:31:35]   git:  * branch            main       -> FETCH_HEAD
[2026-09-18 17:31:35] No update available (up to date at 2acf2a6).
[2026-09-18 17:36:35]   git: From https://github.com/dunking99/Meridian-Primary
[2026-09-18 17:36:35]   git:  * branch            main       -> FETCH_HEAD
[2026-09-18 17:36:35] No update available (up to date at 2acf2a6).
[2026-09-18 17:41:35]   git: From https://github.com/dunking99/Meridian-Primary
[2026-09-18 17:41:35]   git:  * branch            main       -> FETCH_HEAD
[2026-09-18 17:41:35] No update available (up to date at 2acf2a6).
[2026-09-18 17:46:35]   git: From https://github.com/dunking99/Meridian-Primary
[2026-09-18 17:46:35]   git:  * branch            main       -> FETCH_HEAD
[2026-09-18 17:46:35] No update available (up to date at 2acf2a6).
[2026-09-18 17:51:35]   git: From https://github.com/dunking99/Meridian-Primary
[2026-09-18 17:51:35]   git:  * branch            main       -> FETCH_HEAD
[2026-09-18 17:51:35] No update available (up to date at 2acf2a6).
[2026-09-18 17:56:35]   git: From https://github.com/dunking99/Meridian-Primary
[2026-09-18 17:56:35]   git:  * branch            main       -> FETCH_HEAD
[2026-09-18 17:56:35] No update available (up to date at 2acf2a6).
[2026-09-18 18:01:36]   git: From https://github.com/dunking99/Meridian-Primary
[2026-09-18 18:01:36]   git:  * branch            main       -> FETCH_HEAD
[2026-09-18 18:01:36] No update available (up to date at 2acf2a6).
[2026-09-18 18:06:36]   git: From https://github.com/dunking99/Meridian-Primary
[2026-09-18 18:06:36]   git:  * branch            main       -> FETCH_HEAD
[2026-09-18 18:06:36] No update available (up to date at 2acf2a6).
[2026-09-18 18:11:35]   git: From https://github.com/dunking99/Meridian-Primary
[2026-09-18 18:11:36]   git:  * branch            main       -> FETCH_HEAD
[2026-09-18 18:11:36] No update available (up to date at 2acf2a6).
[2026-09-18 18:16:35]   git: From https://github.com/dunking99/Meridian-Primary
[2026-09-18 18:16:35]   git:  * branch            main       -> FETCH_HEAD
[2026-09-18 18:16:35] No update available (up to date at 2acf2a6).
[2026-09-18 18:21:35]   git: From https://github.com/dunking99/Meridian-Primary
[2026-09-18 18:21:35]   git:  * branch            main       -> FETCH_HEAD
[2026-09-18 18:21:36] No update available (up to date at 2acf2a6).
[2026-09-18 18:26:36]   git: From https://github.com/dunking99/Meridian-Primary
[2026-09-18 18:26:36]   git:  * branch            main       -> FETCH_HEAD
[2026-09-18 18:26:36] No update available (up to date at 2acf2a6).
[2026-09-18 18:31:35]   git: From https://github.com/dunking99/Meridian-Primary
[2026-09-18 18:31:35]   git:  * branch            main       -> FETCH_HEAD
[2026-09-18 18:31:35] No update available (up to date at 2acf2a6).
[2026-09-18 18:36:36]   git: From https://github.com/dunking99/Meridian-Primary
[2026-09-18 18:36:36]   git:  * branch            main       -> FETCH_HEAD
[2026-09-18 18:36:36] No update available (up to date at 2acf2a6).
[2026-09-18 18:41:36]   git: From https://github.com/dunking99/Meridian-Primary
[2026-09-18 18:41:36]   git:  * branch            main       -> FETCH_HEAD
[2026-09-18 18:41:36] No update available (up to date at 2acf2a6).
[2026-09-18 18:46:35]   git: From https://github.com/dunking99/Meridian-Primary
[2026-09-18 18:46:35]   git:  * branch            main       -> FETCH_HEAD
[2026-09-18 18:46:35] No update available (up to date at 2acf2a6).
[2026-09-18 18:51:36]   git: From https://github.com/dunking99/Meridian-Primary
[2026-09-18 18:51:36]   git:  * branch            main       -> FETCH_HEAD
[2026-09-18 18:51:36] No update available (up to date at 2acf2a6).
[2026-09-18 18:56:35]   git: From https://github.com/dunking99/Meridian-Primary
[2026-09-18 18:56:35]   git:  * branch            main       -> FETCH_HEAD
[2026-09-18 18:56:35] No update available (up to date at 2acf2a6).
[2026-09-18 19:01:35]   git: From https://github.com/dunking99/Meridian-Primary
[2026-09-18 19:01:35]   git:  * branch            main       -> FETCH_HEAD
[2026-09-18 19:01:35] No update available (up to date at 2acf2a6).
[2026-09-18 19:06:35]   git: From https://github.com/dunking99/Meridian-Primary
[2026-09-18 19:06:35]   git:  * branch            main       -> FETCH_HEAD
[2026-09-18 19:06:35] No update available (up to date at 2acf2a6).
[2026-09-18 19:11:35]   git: From https://github.com/dunking99/Meridian-Primary
[2026-09-18 19:11:35]   git:  * branch            main       -> FETCH_HEAD
[2026-09-18 19:11:35] No update available (up to date at 2acf2a6).
[2026-09-18 19:16:35]   git: From https://github.com/dunking99/Meridian-Primary
[2026-09-18 19:16:35]   git:  * branch            main       -> FETCH_HEAD
[2026-09-18 19:16:35] No update available (up to date at 2acf2a6).
[2026-09-18 19:21:34]   git: From https://github.com/dunking99/Meridian-Primary
[2026-09-18 19:21:34]   git:  * branch            main       -> FETCH_HEAD
[2026-09-18 19:21:34] No update available (up to date at 2acf2a6).
[2026-09-18 19:26:34]   git: From https://github.com/dunking99/Meridian-Primary
[2026-09-18 19:26:34]   git:  * branch            main       -> FETCH_HEAD
[2026-09-18 19:26:34] No update available (up to date at 2acf2a6).
[2026-09-18 19:31:34]   git: From https://github.com/dunking99/Meridian-Primary
[2026-09-18 19:31:34]   git:  * branch            main       -> FETCH_HEAD
[2026-09-18 19:31:34] No update available (up to date at 2acf2a6).
[2026-09-18 19:36:35]   git: From https://github.com/dunking99/Meridian-Primary
[2026-09-18 19:36:35]   git:  * branch            main       -> FETCH_HEAD
[2026-09-18 19:36:35] No update available (up to date at 2acf2a6).
[2026-09-18 19:41:35]   git: From https://github.com/dunking99/Meridian-Primary
[2026-09-18 19:41:35]   git:  * branch            main       -> FETCH_HEAD
[2026-09-18 19:41:35] No update available (up to date at 2acf2a6).
[2026-09-18 19:46:34]   git: From https://github.com/dunking99/Meridian-Primary
[2026-09-18 19:46:34]   git:  * branch            main       -> FETCH_HEAD
[2026-09-18 19:46:35] No update available (up to date at 2acf2a6).
[2026-09-18 19:51:34]   git: From https://github.com/dunking99/Meridian-Primary
[2026-09-18 19:51:34]   git:  * branch            main       -> FETCH_HEAD
[2026-09-18 19:51:35] No update available (up to date at 2acf2a6).
[2026-09-18 19:56:35]   git: From https://github.com/dunking99/Meridian-Primary
[2026-09-18 19:56:35]   git:  * branch            main       -> FETCH_HEAD
[2026-09-18 19:56:35] No update available (up to date at 2acf2a6).
[2026-09-18 20:01:34]   git: From https://github.com/dunking99/Meridian-Primary
[2026-09-18 20:01:34]   git:  * branch            main       -> FETCH_HEAD
[2026-09-18 20:01:35] No update available (up to date at 2acf2a6).
[2026-09-18 20:06:35]   git: From https://github.com/dunking99/Meridian-Primary
[2026-09-18 20:06:35]   git:  * branch            main       -> FETCH_HEAD
[2026-09-18 20:06:35] No update available (up to date at 2acf2a6).
[2026-09-18 20:11:34]   git: From https://github.com/dunking99/Meridian-Primary
[2026-09-18 20:11:34]   git:  * branch            main       -> FETCH_HEAD
[2026-09-18 20:11:35] No update available (up to date at 2acf2a6).
[2026-09-18 20:16:35]   git: From https://github.com/dunking99/Meridian-Primary
[2026-09-18 20:16:35]   git:  * branch            main       -> FETCH_HEAD
[2026-09-18 20:16:35] No update available (up to date at 2acf2a6).
[2026-09-18 20:21:34]   git: From https://github.com/dunking99/Meridian-Primary
[2026-09-18 20:21:35]   git:  * branch            main       -> FETCH_HEAD
[2026-09-18 20:21:35] No update available (up to date at 2acf2a6).
[2026-09-18 20:26:35]   git: From https://github.com/dunking99/Meridian-Primary
[2026-09-18 20:26:35]   git:  * branch            main       -> FETCH_HEAD
[2026-09-18 20:26:35] No update available (up to date at 2acf2a6).
[2026-09-18 20:31:34]   git: From https://github.com/dunking99/Meridian-Primary
[2026-09-18 20:31:34]   git:  * branch            main       -> FETCH_HEAD
[2026-09-18 20:31:35] No update available (up to date at 2acf2a6).
[2026-09-18 20:36:35]   git: From https://github.com/dunking99/Meridian-Primary
[2026-09-18 20:36:35]   git:  * branch            main       -> FETCH_HEAD
[2026-09-18 20:36:35] No update available (up to date at 2acf2a6).
[2026-09-18 20:41:35]   git: From https://github.com/dunking99/Meridian-Primary
[2026-09-18 20:41:35]   git:  * branch            main       -> FETCH_HEAD
[2026-09-18 20:41:35] No update available (up to date at 2acf2a6).
[2026-09-18 20:46:35]   git: From https://github.com/dunking99/Meridian-Primary
[2026-09-18 20:46:35]   git:  * branch            main       -> FETCH_HEAD
[2026-09-18 20:46:35] No update available (up to date at 2acf2a6).
[2026-09-18 20:51:35]   git: From https://github.com/dunking99/Meridian-Primary
[2026-09-18 20:51:35]   git:  * branch            main       -> FETCH_HEAD
[2026-09-18 20:51:35] No update available (up to date at 2acf2a6).
[2026-09-18 20:56:35]   git: From https://github.com/dunking99/Meridian-Primary
[2026-09-18 20:56:35]   git:  * branch            main       -> FETCH_HEAD
[2026-09-18 20:56:35] No update available (up to date at 2acf2a6).
[2026-09-18 21:01:35]   git: From https://github.com/dunking99/Meridian-Primary
[2026-09-18 21:01:35]   git:  * branch            main       -> FETCH_HEAD
[2026-09-18 21:01:35] No update available (up to date at 2acf2a6).
[2026-09-18 21:06:35]   git: From https://github.com/dunking99/Meridian-Primary
[2026-09-18 21:06:35]   git:  * branch            main       -> FETCH_HEAD
[2026-09-18 21:06:35] No update available (up to date at 2acf2a6).
[2026-09-18 21:11:35]   git: From https://github.com/dunking99/Meridian-Primary
[2026-09-18 21:11:35]   git:  * branch            main       -> FETCH_HEAD
[2026-09-18 21:11:35] No update available (up to date at 2acf2a6).
[2026-09-18 21:16:35]   git: From https://github.com/dunking99/Meridian-Primary
[2026-09-18 21:16:35]   git:  * branch            main       -> FETCH_HEAD
[2026-09-18 21:16:35] No update available (up to date at 2acf2a6).
[2026-09-18 21:21:35]   git: From https://github.com/dunking99/Meridian-Primary
[2026-09-18 21:21:35]   git:  * branch            main       -> FETCH_HEAD
[2026-09-18 21:21:35] No update available (up to date at 2acf2a6).
[2026-09-18 21:26:35]   git: From https://github.com/dunking99/Meridian-Primary
[2026-09-18 21:26:35]   git:  * branch            main       -> FETCH_HEAD
[2026-09-18 21:26:35] No update available (up to date at 2acf2a6).
[2026-09-18 21:31:35]   git: From https://github.com/dunking99/Meridian-Primary
[2026-09-18 21:31:35]   git:  * branch            main       -> FETCH_HEAD
[2026-09-18 21:31:35] No update available (up to date at 2acf2a6).
[2026-09-18 21:36:35]   git: From https://github.com/dunking99/Meridian-Primary
[2026-09-18 21:36:35]   git:  * branch            main       -> FETCH_HEAD
[2026-09-18 21:36:35] No update available (up to date at 2acf2a6).
[2026-09-18 21:41:35]   git: From https://github.com/dunking99/Meridian-Primary
[2026-09-18 21:41:35]   git:  * branch            main       -> FETCH_HEAD
[2026-09-18 21:41:35] No update available (up to date at 2acf2a6).
[2026-09-18 21:46:35]   git: From https://github.com/dunking99/Meridian-Primary
[2026-09-18 21:46:35]   git:  * branch            main       -> FETCH_HEAD
[2026-09-18 21:46:35] No update available (up to date at 2acf2a6).
[2026-09-18 21:51:35]   git: From https://github.com/dunking99/Meridian-Primary
[2026-09-18 21:51:35]   git:  * branch            main       -> FETCH_HEAD
[2026-09-18 21:51:35] No update available (up to date at 2acf2a6).
[2026-09-18 21:56:35]   git: From https://github.com/dunking99/Meridian-Primary
[2026-09-18 21:56:35]   git:  * branch            main       -> FETCH_HEAD
[2026-09-18 21:56:35] No update available (up to date at 2acf2a6).
[2026-09-18 22:01:35]   git: From https://github.com/dunking99/Meridian-Primary
[2026-09-18 22:01:35]   git:  * branch            main       -> FETCH_HEAD
[2026-09-18 22:01:35] No update available (up to date at 2acf2a6).
[2026-09-18 22:06:35]   git: From https://github.com/dunking99/Meridian-Primary
[2026-09-18 22:06:35]   git:  * branch            main       -> FETCH_HEAD
[2026-09-18 22:06:35] No update available (up to date at 2acf2a6).
[2026-09-18 22:11:35]   git: From https://github.com/dunking99/Meridian-Primary
[2026-09-18 22:11:35]   git:  * branch            main       -> FETCH_HEAD
[2026-09-18 22:11:35] No update available (up to date at 2acf2a6).
[2026-09-18 22:16:35]   git: From https://github.com/dunking99/Meridian-Primary
[2026-09-18 22:16:35]   git:  * branch            main       -> FETCH_HEAD
[2026-09-18 22:16:35] No update available (up to date at 2acf2a6).
[2026-09-18 22:21:36]   git: From https://github.com/dunking99/Meridian-Primary
[2026-09-18 22:21:36]   git:  * branch            main       -> FETCH_HEAD
[2026-09-18 22:21:36] No update available (up to date at 2acf2a6).
[2026-09-18 22:26:35]   git: From https://github.com/dunking99/Meridian-Primary
[2026-09-18 22:26:35]   git:  * branch            main       -> FETCH_HEAD
[2026-09-18 22:26:35] No update available (up to date at 2acf2a6).
[2026-09-18 22:31:35]   git: From https://github.com/dunking99/Meridian-Primary
[2026-09-18 22:31:35]   git:  * branch            main       -> FETCH_HEAD
[2026-09-18 22:31:35] No update available (up to date at 2acf2a6).
[2026-09-18 22:36:35]   git: From https://github.com/dunking99/Meridian-Primary
[2026-09-18 22:36:35]   git:  * branch            main       -> FETCH_HEAD
[2026-09-18 22:36:35] No update available (up to date at 2acf2a6).
[2026-09-18 22:41:35]   git: From https://github.com/dunking99/Meridian-Primary
[2026-09-18 22:41:35]   git:  * branch            main       -> FETCH_HEAD
[2026-09-18 22:41:35] No update available (up to date at 2acf2a6).
[2026-09-18 22:46:35]   git: From https://github.com/dunking99/Meridian-Primary
[2026-09-18 22:46:35]   git:  * branch            main       -> FETCH_HEAD
[2026-09-18 22:46:35] No update available (up to date at 2acf2a6).
[2026-09-18 22:51:35]   git: From https://github.com/dunking99/Meridian-Primary
[2026-09-18 22:51:35]   git:  * branch            main       -> FETCH_HEAD
[2026-09-18 22:51:35] No update available (up to date at 2acf2a6).
[2026-09-18 22:56:35]   git: From https://github.com/dunking99/Meridian-Primary
[2026-09-18 22:56:35]   git:  * branch            main       -> FETCH_HEAD
[2026-09-18 22:56:35] No update available (up to date at 2acf2a6).
[2026-09-18 23:01:35]   git: From https://github.com/dunking99/Meridian-Primary
[2026-09-18 23:01:35]   git:  * branch            main       -> FETCH_HEAD
[2026-09-18 23:01:35] No update available (up to date at 2acf2a6).
[2026-09-18 23:06:35]   git: From https://github.com/dunking99/Meridian-Primary
[2026-09-18 23:06:35]   git:  * branch            main       -> FETCH_HEAD
[2026-09-18 23:06:35] No update available (up to date at 2acf2a6).
[2026-09-18 23:11:35]   git: From https://github.com/dunking99/Meridian-Primary
[2026-09-18 23:11:35]   git:  * branch            main       -> FETCH_HEAD
[2026-09-18 23:11:35] No update available (up to date at 2acf2a6).
[2026-09-18 23:16:35]   git: From https://github.com/dunking99/Meridian-Primary
[2026-09-18 23:16:35]   git:  * branch            main       -> FETCH_HEAD
[2026-09-18 23:16:35] No update available (up to date at 2acf2a6).
[2026-09-18 23:21:35]   git: From https://github.com/dunking99/Meridian-Primary
[2026-09-18 23:21:35]   git:  * branch            main       -> FETCH_HEAD
[2026-09-18 23:21:35] No update available (up to date at 2acf2a6).
[2026-09-18 23:26:35]   git: From https://github.com/dunking99/Meridian-Primary
[2026-09-18 23:26:35]   git:  * branch            main       -> FETCH_HEAD
[2026-09-18 23:26:35] No update available (up to date at 2acf2a6).
[2026-09-18 23:31:36]   git: From https://github.com/dunking99/Meridian-Primary
[2026-09-18 23:31:36]   git:  * branch            main       -> FETCH_HEAD
[2026-09-18 23:31:36] No update available (up to date at 2acf2a6).
[2026-09-18 23:36:35]   git: From https://github.com/dunking99/Meridian-Primary
[2026-09-18 23:36:35]   git:  * branch            main       -> FETCH_HEAD
[2026-09-18 23:36:35] No update available (up to date at 2acf2a6).
[2026-09-18 23:41:35]   git: From https://github.com/dunking99/Meridian-Primary
[2026-09-18 23:41:35]   git:  * branch            main       -> FETCH_HEAD
[2026-09-18 23:41:35] No update available (up to date at 2acf2a6).
[2026-09-18 23:46:35]   git: From https://github.com/dunking99/Meridian-Primary
[2026-09-18 23:46:35]   git:  * branch            main       -> FETCH_HEAD
[2026-09-18 23:46:35] No update available (up to date at 2acf2a6).
[2026-09-18 23:51:35]   git: From https://github.com/dunking99/Meridian-Primary
[2026-09-18 23:51:35]   git:  * branch            main       -> FETCH_HEAD
[2026-09-18 23:51:35] No update available (up to date at 2acf2a6).
[2026-09-18 23:56:35]   git: From https://github.com/dunking99/Meridian-Primary
[2026-09-18 23:56:35]   git:  * branch            main       -> FETCH_HEAD
[2026-09-18 23:56:35] No update available (up to date at 2acf2a6).
[2026-09-19 00:01:36]   git: From https://github.com/dunking99/Meridian-Primary
[2026-09-19 00:01:36]   git:  * branch            main       -> FETCH_HEAD
[2026-09-19 00:01:36] No update available (up to date at 2acf2a6).
[2026-09-19 00:06:36]   git: From https://github.com/dunking99/Meridian-Primary
[2026-09-19 00:06:36]   git:  * branch            main       -> FETCH_HEAD
[2026-09-19 00:06:36] No update available (up to date at 2acf2a6).
[2026-09-19 00:11:35]   git: From https://github.com/dunking99/Meridian-Primary
[2026-09-19 00:11:35]   git:  * branch            main       -> FETCH_HEAD
[2026-09-19 00:11:35] No update available (up to date at 2acf2a6).
[2026-09-19 00:16:35]   git: From https://github.com/dunking99/Meridian-Primary
[2026-09-19 00:16:35]   git:  * branch            main       -> FETCH_HEAD
[2026-09-19 00:16:35] No update available (up to date at 2acf2a6).
[2026-09-19 16:07:39]   git: From https://github.com/dunking99/Meridian-Primary
[2026-09-19 16:07:39]   git:  * branch            main       -> FETCH_HEAD
[2026-09-19 16:07:39] No update available (up to date at 2acf2a6).
[2026-09-19 16:07:41] App isn't running -- starting it.
[2026-09-19 16:07:41] Restarting Meridian...
[2026-09-19 16:07:43] Restart issued.
[2026-09-19 16:11:35]   git: From https://github.com/dunking99/Meridian-Primary
[2026-09-19 16:11:35]   git:  * branch            main       -> FETCH_HEAD
[2026-09-19 16:11:35] No update available (up to date at 2acf2a6).
[2026-09-19 16:16:35]   git: From https://github.com/dunking99/Meridian-Primary
[2026-09-19 16:16:35]   git:  * branch            main       -> FETCH_HEAD
[2026-09-19 16:16:35] No update available (up to date at 2acf2a6).
[2026-09-19 16:21:36]   git: From https://github.com/dunking99/Meridian-Primary
[2026-09-19 16:21:36]   git:  * branch            main       -> FETCH_HEAD
[2026-09-19 16:21:36] No update available (up to date at 2acf2a6).
[2026-09-19 16:26:35]   git: From https://github.com/dunking99/Meridian-Primary
[2026-09-19 16:26:35]   git:  * branch            main       -> FETCH_HEAD
[2026-09-19 16:26:35] No update available (up to date at 2acf2a6).
[2026-09-19 16:31:35]   git: From https://github.com/dunking99/Meridian-Primary
[2026-09-19 16:31:35]   git:  * branch            main       -> FETCH_HEAD
[2026-09-19 16:31:35] No update available (up to date at 2acf2a6).
[2026-09-19 16:36:35]   git: From https://github.com/dunking99/Meridian-Primary
[2026-09-19 16:36:35]   git:  * branch            main       -> FETCH_HEAD
[2026-09-19 16:36:35] No update available (up to date at 2acf2a6).
[2026-09-19 16:41:35]   git: From https://github.com/dunking99/Meridian-Primary
[2026-09-19 16:41:35]   git:  * branch            main       -> FETCH_HEAD
[2026-09-19 16:41:35] No update available (up to date at 2acf2a6).
[2026-09-19 16:46:35]   git: From https://github.com/dunking99/Meridian-Primary
[2026-09-19 16:46:35]   git:  * branch            main       -> FETCH_HEAD
[2026-09-19 16:46:35] No update available (up to date at 2acf2a6).
[2026-09-19 16:51:35]   git: From https://github.com/dunking99/Meridian-Primary
[2026-09-19 16:51:35]   git:  * branch            main       -> FETCH_HEAD
[2026-09-19 16:51:35] No update available (up to date at 2acf2a6).
[2026-09-19 16:56:35]   git: From https://github.com/dunking99/Meridian-Primary
[2026-09-19 16:56:35]   git:  * branch            main       -> FETCH_HEAD
[2026-09-19 16:56:35] No update available (up to date at 2acf2a6).
[2026-09-19 17:01:35]   git: From https://github.com/dunking99/Meridian-Primary
[2026-09-19 17:01:35]   git:  * branch            main       -> FETCH_HEAD
[2026-09-19 17:01:35] No update available (up to date at 2acf2a6).
[2026-09-19 17:06:35]   git: From https://github.com/dunking99/Meridian-Primary
[2026-09-19 17:06:35]   git:  * branch            main       -> FETCH_HEAD
[2026-09-19 17:06:35] No update available (up to date at 2acf2a6).
[2026-09-19 17:11:35]   git: From https://github.com/dunking99/Meridian-Primary
[2026-09-19 17:11:35]   git:  * branch            main       -> FETCH_HEAD
[2026-09-19 17:11:35] No update available (up to date at 2acf2a6).
[2026-09-19 17:16:35]   git: From https://github.com/dunking99/Meridian-Primary
[2026-09-19 17:16:35]   git:  * branch            main       -> FETCH_HEAD
[2026-09-19 17:16:35] No update available (up to date at 2acf2a6).
[2026-09-19 17:21:35]   git: From https://github.com/dunking99/Meridian-Primary
[2026-09-19 17:21:35]   git:  * branch            main       -> FETCH_HEAD
[2026-09-19 17:21:35] No update available (up to date at 2acf2a6).
[2026-09-19 17:26:35]   git: From https://github.com/dunking99/Meridian-Primary
[2026-09-19 17:26:35]   git:  * branch            main       -> FETCH_HEAD
[2026-09-19 17:26:35] No update available (up to date at 2acf2a6).
[2026-09-19 17:31:35]   git: From https://github.com/dunking99/Meridian-Primary
[2026-09-19 17:31:35]   git:  * branch            main       -> FETCH_HEAD
[2026-09-19 17:31:35] No update available (up to date at 2acf2a6).
[2026-09-19 17:36:35]   git: From https://github.com/dunking99/Meridian-Primary
[2026-09-19 17:36:35]   git:  * branch            main       -> FETCH_HEAD
[2026-09-19 17:36:35] No update available (up to date at 2acf2a6).
[2026-09-19 17:41:35]   git: From https://github.com/dunking99/Meridian-Primary
[2026-09-19 17:41:35]   git:  * branch            main       -> FETCH_HEAD
[2026-09-19 17:41:35] No update available (up to date at 2acf2a6).
[2026-09-19 17:46:35]   git: From https://github.com/dunking99/Meridian-Primary
[2026-09-19 17:46:35]   git:  * branch            main       -> FETCH_HEAD
[2026-09-19 17:46:35] No update available (up to date at 2acf2a6).
[2026-09-19 17:51:35]   git: From https://github.com/dunking99/Meridian-Primary
[2026-09-19 17:51:35]   git:  * branch            main       -> FETCH_HEAD
[2026-09-19 17:51:35] No update available (up to date at 2acf2a6).
[2026-09-19 17:56:35]   git: From https://github.com/dunking99/Meridian-Primary
[2026-09-19 17:56:35]   git:  * branch            main       -> FETCH_HEAD
[2026-09-19 17:56:35] No update available (up to date at 2acf2a6).
[2026-09-19 18:01:35]   git: From https://github.com/dunking99/Meridian-Primary
[2026-09-19 18:01:35]   git:  * branch            main       -> FETCH_HEAD
[2026-09-19 18:01:35] No update available (up to date at 2acf2a6).
[2026-09-19 18:06:35]   git: From https://github.com/dunking99/Meridian-Primary
[2026-09-19 18:06:35]   git:  * branch            main       -> FETCH_HEAD
[2026-09-19 18:06:35] No update available (up to date at 2acf2a6).
[2026-09-19 18:11:35]   git: From https://github.com/dunking99/Meridian-Primary
[2026-09-19 18:11:35]   git:  * branch            main       -> FETCH_HEAD
[2026-09-19 18:11:35] No update available (up to date at 2acf2a6).
[2026-09-19 18:16:35]   git: From https://github.com/dunking99/Meridian-Primary
[2026-09-19 18:16:35]   git:  * branch            main       -> FETCH_HEAD
[2026-09-19 18:16:35] No update available (up to date at 2acf2a6).
[2026-09-19 18:21:35]   git: From https://github.com/dunking99/Meridian-Primary
[2026-09-19 18:21:35]   git:  * branch            main       -> FETCH_HEAD
[2026-09-19 18:21:35] No update available (up to date at 2acf2a6).
[2026-09-19 18:26:35]   git: From https://github.com/dunking99/Meridian-Primary
[2026-09-19 18:26:35]   git:  * branch            main       -> FETCH_HEAD
[2026-09-19 18:26:35] No update available (up to date at 2acf2a6).
[2026-09-19 18:31:35]   git: From https://github.com/dunking99/Meridian-Primary
[2026-09-19 18:31:35]   git:  * branch            main       -> FETCH_HEAD
[2026-09-19 18:31:35] No update available (up to date at 2acf2a6).
[2026-09-19 18:36:35]   git: From https://github.com/dunking99/Meridian-Primary
[2026-09-19 18:36:35]   git:  * branch            main       -> FETCH_HEAD
[2026-09-19 18:36:35] No update available (up to date at 2acf2a6).
[2026-09-19 18:41:35]   git: From https://github.com/dunking99/Meridian-Primary
[2026-09-19 18:41:35]   git:  * branch            main       -> FETCH_HEAD
[2026-09-19 18:41:35] No update available (up to date at 2acf2a6).
[2026-09-19 18:46:35]   git: From https://github.com/dunking99/Meridian-Primary
[2026-09-19 18:46:35]   git:  * branch            main       -> FETCH_HEAD
[2026-09-19 18:46:35] No update available (up to date at 2acf2a6).
[2026-09-19 18:51:35]   git: From https://github.com/dunking99/Meridian-Primary
[2026-09-19 18:51:35]   git:  * branch            main       -> FETCH_HEAD
[2026-09-19 18:51:35] No update available (up to date at 2acf2a6).
[2026-09-19 18:56:35]   git: From https://github.com/dunking99/Meridian-Primary
[2026-09-19 18:56:35]   git:  * branch            main       -> FETCH_HEAD
[2026-09-19 18:56:35] No update available (up to date at 2acf2a6).
[2026-09-19 19:01:35]   git: From https://github.com/dunking99/Meridian-Primary
[2026-09-19 19:01:35]   git:  * branch            main       -> FETCH_HEAD
[2026-09-19 19:01:35] No update available (up to date at 2acf2a6).
[2026-09-19 19:06:35]   git: From https://github.com/dunking99/Meridian-Primary
[2026-09-19 19:06:35]   git:  * branch            main       -> FETCH_HEAD
[2026-09-19 19:06:35] No update available (up to date at 2acf2a6).
[2026-09-19 19:11:35]   git: From https://github.com/dunking99/Meridian-Primary
[2026-09-19 19:11:35]   git:  * branch            main       -> FETCH_HEAD
[2026-09-19 19:11:35] No update available (up to date at 2acf2a6).
[2026-09-19 19:16:35]   git: From https://github.com/dunking99/Meridian-Primary
[2026-09-19 19:16:35]   git:  * branch            main       -> FETCH_HEAD
[2026-09-19 19:16:35] No update available (up to date at 2acf2a6).
[2026-09-19 19:21:35]   git: From https://github.com/dunking99/Meridian-Primary
[2026-09-19 19:21:35]   git:  * branch            main       -> FETCH_HEAD
[2026-09-19 19:21:35] No update available (up to date at 2acf2a6).
[2026-09-19 19:26:35]   git: From https://github.com/dunking99/Meridian-Primary
[2026-09-19 19:26:35]   git:  * branch            main       -> FETCH_HEAD
[2026-09-19 19:26:35] No update available (up to date at 2acf2a6).
[2026-09-19 19:31:35]   git: From https://github.com/dunking99/Meridian-Primary
[2026-09-19 19:31:35]   git:  * branch            main       -> FETCH_HEAD
[2026-09-19 19:31:35] No update available (up to date at 2acf2a6).
[2026-09-19 19:36:35]   git: From https://github.com/dunking99/Meridian-Primary
[2026-09-19 19:36:35]   git:  * branch            main       -> FETCH_HEAD
[2026-09-19 19:36:35] No update available (up to date at 2acf2a6).
[2026-09-19 19:41:35]   git: From https://github.com/dunking99/Meridian-Primary
[2026-09-19 19:41:35]   git:  * branch            main       -> FETCH_HEAD
[2026-09-19 19:41:35] No update available (up to date at 2acf2a6).
[2026-09-19 19:46:35]   git: From https://github.com/dunking99/Meridian-Primary
[2026-09-19 19:46:35]   git:  * branch            main       -> FETCH_HEAD
[2026-09-19 19:46:35] No update available (up to date at 2acf2a6).
[2026-09-19 19:51:35]   git: From https://github.com/dunking99/Meridian-Primary
[2026-09-19 19:51:35]   git:  * branch            main       -> FETCH_HEAD
[2026-09-19 19:51:36] No update available (up to date at 2acf2a6).
[2026-09-19 19:56:35]   git: From https://github.com/dunking99/Meridian-Primary
[2026-09-19 19:56:35]   git:  * branch            main       -> FETCH_HEAD
[2026-09-19 19:56:35] No update available (up to date at 2acf2a6).
[2026-09-19 20:01:35]   git: From https://github.com/dunking99/Meridian-Primary
[2026-09-19 20:01:35]   git:  * branch            main       -> FETCH_HEAD
[2026-09-19 20:01:35] No update available (up to date at 2acf2a6).
[2026-09-19 20:06:35]   git: From https://github.com/dunking99/Meridian-Primary
[2026-09-19 20:06:35]   git:  * branch            main       -> FETCH_HEAD
[2026-09-19 20:06:36] No update available (up to date at 2acf2a6).
[2026-09-19 20:11:35]   git: From https://github.com/dunking99/Meridian-Primary
[2026-09-19 20:11:35]   git:  * branch            main       -> FETCH_HEAD
[2026-09-19 20:11:36] No update available (up to date at 2acf2a6).
[2026-09-19 20:16:35]   git: From https://github.com/dunking99/Meridian-Primary
[2026-09-19 20:16:36]   git:  * branch            main       -> FETCH_HEAD
[2026-09-19 20:16:36] No update available (up to date at 2acf2a6).
[2026-09-19 20:21:35]   git: From https://github.com/dunking99/Meridian-Primary
[2026-09-19 20:21:35]   git:  * branch            main       -> FETCH_HEAD
[2026-09-19 20:21:35] No update available (up to date at 2acf2a6).
[2026-09-19 20:26:35]   git: From https://github.com/dunking99/Meridian-Primary
[2026-09-19 20:26:35]   git:  * branch            main       -> FETCH_HEAD
[2026-09-19 20:26:35] No update available (up to date at 2acf2a6).
[2026-09-19 20:31:35]   git: From https://github.com/dunking99/Meridian-Primary
[2026-09-19 20:31:35]   git:  * branch            main       -> FETCH_HEAD
[2026-09-19 20:31:35] No update available (up to date at 2acf2a6).
[2026-09-19 20:36:35]   git: From https://github.com/dunking99/Meridian-Primary
[2026-09-19 20:36:35]   git:  * branch            main       -> FETCH_HEAD
[2026-09-19 20:36:35] No update available (up to date at 2acf2a6).
[2026-09-19 20:41:35]   git: From https://github.com/dunking99/Meridian-Primary
[2026-09-19 20:41:35]   git:  * branch            main       -> FETCH_HEAD
[2026-09-19 20:41:35] No update available (up to date at 2acf2a6).
[2026-09-19 20:46:35]   git: From https://github.com/dunking99/Meridian-Primary
[2026-09-19 20:46:35]   git:  * branch            main       -> FETCH_HEAD
[2026-09-19 20:46:35] No update available (up to date at 2acf2a6).
[2026-09-19 20:51:35]   git: From https://github.com/dunking99/Meridian-Primary
[2026-09-19 20:51:35]   git:  * branch            main       -> FETCH_HEAD
[2026-09-19 20:51:35] No update available (up to date at 2acf2a6).
[2026-09-19 20:56:35]   git: From https://github.com/dunking99/Meridian-Primary
[2026-09-19 20:56:35]   git:  * branch            main       -> FETCH_HEAD
[2026-09-19 20:56:35] No update available (up to date at 2acf2a6).
[2026-09-19 21:01:35]   git: From https://github.com/dunking99/Meridian-Primary
[2026-09-19 21:01:35]   git:  * branch            main       -> FETCH_HEAD
[2026-09-19 21:01:35] No update available (up to date at 2acf2a6).
[2026-09-19 21:06:35]   git: From https://github.com/dunking99/Meridian-Primary
[2026-09-19 21:06:35]   git:  * branch            main       -> FETCH_HEAD
[2026-09-19 21:06:35] No update available (up to date at 2acf2a6).
[2026-09-19 21:11:35]   git: From https://github.com/dunking99/Meridian-Primary
[2026-09-19 21:11:35]   git:  * branch            main       -> FETCH_HEAD
[2026-09-19 21:11:35] No update available (up to date at 2acf2a6).
[2026-09-19 21:16:35]   git: From https://github.com/dunking99/Meridian-Primary
[2026-09-19 21:16:35]   git:  * branch            main       -> FETCH_HEAD
[2026-09-19 21:16:35] No update available (up to date at 2acf2a6).
[2026-09-19 21:21:35]   git: From https://github.com/dunking99/Meridian-Primary
[2026-09-19 21:21:35]   git:  * branch            main       -> FETCH_HEAD
[2026-09-19 21:21:35] No update available (up to date at 2acf2a6).
[2026-09-19 21:26:35]   git: From https://github.com/dunking99/Meridian-Primary
[2026-09-19 21:26:35]   git:  * branch            main       -> FETCH_HEAD
[2026-09-19 21:26:35] No update available (up to date at 2acf2a6).
[2026-09-19 21:31:35]   git: From https://github.com/dunking99/Meridian-Primary
[2026-09-19 21:31:35]   git:  * branch            main       -> FETCH_HEAD
[2026-09-19 21:31:35] No update available (up to date at 2acf2a6).
[2026-09-19 21:36:35]   git: From https://github.com/dunking99/Meridian-Primary
[2026-09-19 21:36:35]   git:  * branch            main       -> FETCH_HEAD
[2026-09-19 21:36:35] No update available (up to date at 2acf2a6).
[2026-09-19 21:41:35]   git: From https://github.com/dunking99/Meridian-Primary
[2026-09-19 21:41:35]   git:  * branch            main       -> FETCH_HEAD
[2026-09-19 21:41:35] No update available (up to date at 2acf2a6).
[2026-09-19 21:46:35]   git: From https://github.com/dunking99/Meridian-Primary
[2026-09-19 21:46:35]   git:  * branch            main       -> FETCH_HEAD
[2026-09-19 21:46:35] No update available (up to date at 2acf2a6).
[2026-09-19 21:51:35]   git: From https://github.com/dunking99/Meridian-Primary
[2026-09-19 21:51:35]   git:  * branch            main       -> FETCH_HEAD
[2026-09-19 21:51:36] No update available (up to date at 2acf2a6).
[2026-09-19 21:56:35]   git: From https://github.com/dunking99/Meridian-Primary
[2026-09-19 21:56:35]   git:  * branch            main       -> FETCH_HEAD
[2026-09-19 21:56:35] No update available (up to date at 2acf2a6).
[2026-09-19 22:01:35]   git: From https://github.com/dunking99/Meridian-Primary
[2026-09-19 22:01:35]   git:  * branch            main       -> FETCH_HEAD
[2026-09-19 22:01:35] No update available (up to date at 2acf2a6).
[2026-09-19 22:06:35]   git: From https://github.com/dunking99/Meridian-Primary
[2026-09-19 22:06:35]   git:  * branch            main       -> FETCH_HEAD
[2026-09-19 22:06:36] No update available (up to date at 2acf2a6).
[2026-09-19 22:11:36]   git: From https://github.com/dunking99/Meridian-Primary
[2026-09-19 22:11:36]   git:  * branch            main       -> FETCH_HEAD
[2026-09-19 22:11:36] No update available (up to date at 2acf2a6).
[2026-09-19 22:16:35]   git: From https://github.com/dunking99/Meridian-Primary
[2026-09-19 22:16:35]   git:  * branch            main       -> FETCH_HEAD
[2026-09-19 22:16:36] No update available (up to date at 2acf2a6).
[2026-09-19 22:21:36]   git: From https://github.com/dunking99/Meridian-Primary
[2026-09-19 22:21:36]   git:  * branch            main       -> FETCH_HEAD
[2026-09-19 22:21:36] No update available (up to date at 2acf2a6).
[2026-09-19 22:26:36]   git: From https://github.com/dunking99/Meridian-Primary
[2026-09-19 22:26:36]   git:  * branch            main       -> FETCH_HEAD
[2026-09-19 22:26:36] No update available (up to date at 2acf2a6).
[2026-09-19 22:31:36]   git: From https://github.com/dunking99/Meridian-Primary
[2026-09-19 22:31:36]   git:  * branch            main       -> FETCH_HEAD
[2026-09-19 22:31:36] No update available (up to date at 2acf2a6).
[2026-09-19 22:36:35]   git: From https://github.com/dunking99/Meridian-Primary
[2026-09-19 22:36:36]   git:  * branch            main       -> FETCH_HEAD
[2026-09-19 22:36:36] No update available (up to date at 2acf2a6).
[2026-09-19 22:41:35]   git: From https://github.com/dunking99/Meridian-Primary
[2026-09-19 22:41:35]   git:  * branch            main       -> FETCH_HEAD
[2026-09-19 22:41:35] No update available (up to date at 2acf2a6).
[2026-09-19 22:46:36]   git: From https://github.com/dunking99/Meridian-Primary
[2026-09-19 22:46:36]   git:  * branch            main       -> FETCH_HEAD
[2026-09-19 22:46:36] No update available (up to date at 2acf2a6).
[2026-09-19 22:51:36]   git: From https://github.com/dunking99/Meridian-Primary
[2026-09-19 22:51:36]   git:  * branch            main       -> FETCH_HEAD
[2026-09-19 22:51:36] No update available (up to date at 2acf2a6).
[2026-09-19 22:56:35]   git: From https://github.com/dunking99/Meridian-Primary
[2026-09-19 22:56:35]   git:  * branch            main       -> FETCH_HEAD
[2026-09-19 22:56:35] No update available (up to date at 2acf2a6).
[2026-09-19 23:01:35]   git: From https://github.com/dunking99/Meridian-Primary
[2026-09-19 23:01:35]   git:  * branch            main       -> FETCH_HEAD
[2026-09-19 23:01:35] No update available (up to date at 2acf2a6).
[2026-09-19 23:06:35]   git: From https://github.com/dunking99/Meridian-Primary
[2026-09-19 23:06:35]   git:  * branch            main       -> FETCH_HEAD
[2026-09-19 23:06:35] No update available (up to date at 2acf2a6).
[2026-09-19 23:11:36]   git: From https://github.com/dunking99/Meridian-Primary
[2026-09-19 23:11:36]   git:  * branch            main       -> FETCH_HEAD
[2026-09-19 23:11:36] No update available (up to date at 2acf2a6).
[2026-09-19 23:16:36]   git: From https://github.com/dunking99/Meridian-Primary
[2026-09-19 23:16:36]   git:  * branch            main       -> FETCH_HEAD
[2026-09-19 23:16:36] No update available (up to date at 2acf2a6).
[2026-09-19 23:21:35]   git: From https://github.com/dunking99/Meridian-Primary
[2026-09-19 23:21:35]   git:  * branch            main       -> FETCH_HEAD
[2026-09-19 23:21:36] No update available (up to date at 2acf2a6).
[2026-09-19 23:26:35]   git: From https://github.com/dunking99/Meridian-Primary
[2026-09-19 23:26:35]   git:  * branch            main       -> FETCH_HEAD
[2026-09-19 23:26:36] No update available (up to date at 2acf2a6).
[2026-09-19 23:31:36]   git: From https://github.com/dunking99/Meridian-Primary
[2026-09-19 23:31:36]   git:  * branch            main       -> FETCH_HEAD
[2026-09-19 23:31:36] No update available (up to date at 2acf2a6).
[2026-09-19 23:36:35]   git: From https://github.com/dunking99/Meridian-Primary
[2026-09-19 23:36:35]   git:  * branch            main       -> FETCH_HEAD
[2026-09-19 23:36:36] No update available (up to date at 2acf2a6).
[2026-09-19 23:41:36]   git: From https://github.com/dunking99/Meridian-Primary
[2026-09-19 23:41:36]   git:  * branch            main       -> FETCH_HEAD
[2026-09-19 23:41:36] No update available (up to date at 2acf2a6).
[2026-09-19 23:46:35]   git: From https://github.com/dunking99/Meridian-Primary
[2026-09-19 23:46:35]   git:  * branch            main       -> FETCH_HEAD
[2026-09-19 23:46:36] No update available (up to date at 2acf2a6).
[2026-09-19 23:51:35]   git: From https://github.com/dunking99/Meridian-Primary
[2026-09-19 23:51:35]   git:  * branch            main       -> FETCH_HEAD
[2026-09-19 23:51:36] No update available (up to date at 2acf2a6).
[2026-09-19 23:56:36]   git: From https://github.com/dunking99/Meridian-Primary
[2026-09-19 23:56:36]   git:  * branch            main       -> FETCH_HEAD
[2026-09-19 23:56:36] No update available (up to date at 2acf2a6).
[2026-09-20 00:01:36]   git: From https://github.com/dunking99/Meridian-Primary
[2026-09-20 00:01:36]   git:  * branch            main       -> FETCH_HEAD
[2026-09-20 00:01:36] No update available (up to date at 2acf2a6).
[2026-09-20 00:06:36]   git: From https://github.com/dunking99/Meridian-Primary
[2026-09-20 00:06:36]   git:  * branch            main       -> FETCH_HEAD
[2026-09-20 00:06:36] No update available (up to date at 2acf2a6).
[2026-09-20 00:11:36]   git: From https://github.com/dunking99/Meridian-Primary
[2026-09-20 00:11:36]   git:  * branch            main       -> FETCH_HEAD
[2026-09-20 00:11:36] No update available (up to date at 2acf2a6).
[2026-09-20 00:16:36]   git: From https://github.com/dunking99/Meridian-Primary
[2026-09-20 00:16:36]   git:  * branch            main       -> FETCH_HEAD
[2026-09-20 00:16:36] No update available (up to date at 2acf2a6).
[2026-09-20 00:21:35]   git: From https://github.com/dunking99/Meridian-Primary
[2026-09-20 00:21:35]   git:  * branch            main       -> FETCH_HEAD
[2026-09-20 00:21:35] No update available (up to date at 2acf2a6).
[2026-09-20 00:26:35]   git: From https://github.com/dunking99/Meridian-Primary
[2026-09-20 00:26:35]   git:  * branch            main       -> FETCH_HEAD
[2026-09-20 00:26:35] No update available (up to date at 2acf2a6).
[2026-09-20 00:31:35]   git: From https://github.com/dunking99/Meridian-Primary
[2026-09-20 00:31:35]   git:  * branch            main       -> FETCH_HEAD
[2026-09-20 00:31:35] No update available (up to date at 2acf2a6).
[2026-09-20 00:36:35]   git: From https://github.com/dunking99/Meridian-Primary
[2026-09-20 00:36:35]   git:  * branch            main       -> FETCH_HEAD
[2026-09-20 00:36:35] No update available (up to date at 2acf2a6).
[2026-09-20 00:41:35]   git: From https://github.com/dunking99/Meridian-Primary
[2026-09-20 00:41:35]   git:  * branch            main       -> FETCH_HEAD
[2026-09-20 00:41:35] No update available (up to date at 2acf2a6).
[2026-09-20 00:46:35]   git: From https://github.com/dunking99/Meridian-Primary
[2026-09-20 00:46:35]   git:  * branch            main       -> FETCH_HEAD
[2026-09-20 00:46:35] No update available (up to date at 2acf2a6).
[2026-09-20 00:51:35]   git: From https://github.com/dunking99/Meridian-Primary
[2026-09-20 00:51:35]   git:  * branch            main       -> FETCH_HEAD
[2026-09-20 00:51:35] No update available (up to date at 2acf2a6).
[2026-09-20 00:56:35]   git: From https://github.com/dunking99/Meridian-Primary
[2026-09-20 00:56:35]   git:  * branch            main       -> FETCH_HEAD
[2026-09-20 00:56:35] No update available (up to date at 2acf2a6).
[2026-09-20 01:01:35]   git: From https://github.com/dunking99/Meridian-Primary
[2026-09-20 01:01:35]   git:  * branch            main       -> FETCH_HEAD
[2026-09-20 01:01:35] No update available (up to date at 2acf2a6).
[2026-09-20 01:06:35]   git: From https://github.com/dunking99/Meridian-Primary
[2026-09-20 01:06:35]   git:  * branch            main       -> FETCH_HEAD
[2026-09-20 01:06:35] No update available (up to date at 2acf2a6).
[2026-09-20 01:11:35]   git: From https://github.com/dunking99/Meridian-Primary
[2026-09-20 01:11:35]   git:  * branch            main       -> FETCH_HEAD
[2026-09-20 01:11:35] No update available (up to date at 2acf2a6).
[2026-09-20 01:16:35]   git: From https://github.com/dunking99/Meridian-Primary
[2026-09-20 01:16:35]   git:  * branch            main       -> FETCH_HEAD
[2026-09-20 01:16:35] No update available (up to date at 2acf2a6).
[2026-09-20 01:21:35]   git: From https://github.com/dunking99/Meridian-Primary
[2026-09-20 01:21:35]   git:  * branch            main       -> FETCH_HEAD
[2026-09-20 01:21:35] No update available (up to date at 2acf2a6).
[2026-09-20 01:26:35]   git: From https://github.com/dunking99/Meridian-Primary
[2026-09-20 01:26:35]   git:  * branch            main       -> FETCH_HEAD
[2026-09-20 01:26:35] No update available (up to date at 2acf2a6).
[2026-09-20 15:05:35]   git: From https://github.com/dunking99/Meridian-Primary
[2026-09-20 15:05:35]   git:  * branch            main       -> FETCH_HEAD
[2026-09-20 15:05:35] No update available (up to date at 2acf2a6).
[2026-09-20 15:05:37] App isn't running -- starting it.
[2026-09-20 15:05:37] Restarting Meridian...
[2026-09-20 15:05:39] Restart issued.
[2026-09-20 15:06:35]   git: From https://github.com/dunking99/Meridian-Primary
[2026-09-20 15:06:35]   git:  * branch            main       -> FETCH_HEAD
[2026-09-20 15:06:35] No update available (up to date at 2acf2a6).
[2026-09-20 15:11:35]   git: From https://github.com/dunking99/Meridian-Primary
[2026-09-20 15:11:35]   git:  * branch            main       -> FETCH_HEAD
[2026-09-20 15:11:35] No update available (up to date at 2acf2a6).
[2026-09-20 15:16:35]   git: From https://github.com/dunking99/Meridian-Primary
[2026-09-20 15:16:35]   git:  * branch            main       -> FETCH_HEAD
[2026-09-20 15:16:35] No update available (up to date at 2acf2a6).
[2026-09-20 15:21:35]   git: From https://github.com/dunking99/Meridian-Primary
[2026-09-20 15:21:35]   git:  * branch            main       -> FETCH_HEAD
[2026-09-20 15:21:35] No update available (up to date at 2acf2a6).
[2026-09-20 15:26:35]   git: From https://github.com/dunking99/Meridian-Primary
[2026-09-20 15:26:35]   git:  * branch            main       -> FETCH_HEAD
[2026-09-20 15:26:35] No update available (up to date at 2acf2a6).
[2026-09-20 15:31:35]   git: From https://github.com/dunking99/Meridian-Primary
[2026-09-20 15:31:35]   git:  * branch            main       -> FETCH_HEAD
[2026-09-20 15:31:35] No update available (up to date at 2acf2a6).
[2026-09-20 15:36:35]   git: From https://github.com/dunking99/Meridian-Primary
[2026-09-20 15:36:35]   git:  * branch            main       -> FETCH_HEAD
[2026-09-20 15:36:35] No update available (up to date at 2acf2a6).
[2026-09-20 15:41:35]   git: From https://github.com/dunking99/Meridian-Primary
[2026-09-20 15:41:35]   git:  * branch            main       -> FETCH_HEAD
[2026-09-20 15:41:35] No update available (up to date at 2acf2a6).
[2026-09-20 15:46:35]   git: From https://github.com/dunking99/Meridian-Primary
[2026-09-20 15:46:35]   git:  * branch            main       -> FETCH_HEAD
[2026-09-20 15:46:35] No update available (up to date at 2acf2a6).
[2026-09-20 15:51:35]   git: From https://github.com/dunking99/Meridian-Primary
[2026-09-20 15:51:35]   git:  * branch            main       -> FETCH_HEAD
[2026-09-20 15:51:35] No update available (up to date at 2acf2a6).
[2026-09-20 15:56:35]   git: From https://github.com/dunking99/Meridian-Primary
[2026-09-20 15:56:35]   git:  * branch            main       -> FETCH_HEAD
[2026-09-20 15:56:35] No update available (up to date at 2acf2a6).
[2026-09-20 16:01:35]   git: From https://github.com/dunking99/Meridian-Primary
[2026-09-20 16:01:35]   git:  * branch            main       -> FETCH_HEAD
[2026-09-20 16:01:35] No update available (up to date at 2acf2a6).
[2026-09-20 16:06:35]   git: From https://github.com/dunking99/Meridian-Primary
[2026-09-20 16:06:35]   git:  * branch            main       -> FETCH_HEAD
[2026-09-20 16:06:35] No update available (up to date at 2acf2a6).
[2026-09-20 16:11:35]   git: From https://github.com/dunking99/Meridian-Primary
[2026-09-20 16:11:35]   git:  * branch            main       -> FETCH_HEAD
[2026-09-20 16:11:35] No update available (up to date at 2acf2a6).
[2026-09-20 16:16:35]   git: From https://github.com/dunking99/Meridian-Primary
[2026-09-20 16:16:35]   git:  * branch            main       -> FETCH_HEAD
[2026-09-20 16:16:35] No update available (up to date at 2acf2a6).
[2026-09-20 16:21:35]   git: From https://github.com/dunking99/Meridian-Primary
[2026-09-20 16:21:35]   git:  * branch            main       -> FETCH_HEAD
[2026-09-20 16:21:35] No update available (up to date at 2acf2a6).
[2026-09-20 16:26:35]   git: From https://github.com/dunking99/Meridian-Primary
[2026-09-20 16:26:35]   git:  * branch            main       -> FETCH_HEAD
[2026-09-20 16:26:35] No update available (up to date at 2acf2a6).
[2026-09-20 16:31:35]   git: From https://github.com/dunking99/Meridian-Primary
[2026-09-20 16:31:35]   git:  * branch            main       -> FETCH_HEAD
[2026-09-20 16:31:35] No update available (up to date at 2acf2a6).
[2026-09-20 16:36:35]   git: From https://github.com/dunking99/Meridian-Primary
[2026-09-20 16:36:35]   git:  * branch            main       -> FETCH_HEAD
[2026-09-20 16:36:35] No update available (up to date at 2acf2a6).
[2026-09-20 16:41:35]   git: From https://github.com/dunking99/Meridian-Primary
[2026-09-20 16:41:35]   git:  * branch            main       -> FETCH_HEAD
[2026-09-20 16:41:35] No update available (up to date at 2acf2a6).
[2026-09-20 16:46:36]   git: From https://github.com/dunking99/Meridian-Primary
[2026-09-20 16:46:36]   git:  * branch            main       -> FETCH_HEAD
[2026-09-20 16:46:36] No update available (up to date at 2acf2a6).
[2026-09-20 16:51:35]   git: From https://github.com/dunking99/Meridian-Primary
[2026-09-20 16:51:35]   git:  * branch            main       -> FETCH_HEAD
[2026-09-20 16:51:35] No update available (up to date at 2acf2a6).
[2026-09-20 16:56:35]   git: From https://github.com/dunking99/Meridian-Primary
[2026-09-20 16:56:35]   git:  * branch            main       -> FETCH_HEAD
[2026-09-20 16:56:35] No update available (up to date at 2acf2a6).
[2026-09-20 17:01:35]   git: From https://github.com/dunking99/Meridian-Primary
[2026-09-20 17:01:35]   git:  * branch            main       -> FETCH_HEAD
[2026-09-20 17:01:35] No update available (up to date at 2acf2a6).
[2026-09-20 17:06:35]   git: From https://github.com/dunking99/Meridian-Primary
[2026-09-20 17:06:35]   git:  * branch            main       -> FETCH_HEAD
[2026-09-20 17:06:35] No update available (up to date at 2acf2a6).
[2026-09-20 17:11:35]   git: From https://github.com/dunking99/Meridian-Primary
[2026-09-20 17:11:35]   git:  * branch            main       -> FETCH_HEAD
[2026-09-20 17:11:35] No update available (up to date at 2acf2a6).
[2026-09-20 17:16:35]   git: From https://github.com/dunking99/Meridian-Primary
[2026-09-20 17:16:35]   git:  * branch            main       -> FETCH_HEAD
[2026-09-20 17:16:35] No update available (up to date at 2acf2a6).
[2026-09-20 17:21:35]   git: From https://github.com/dunking99/Meridian-Primary
[2026-09-20 17:21:35]   git:  * branch            main       -> FETCH_HEAD
[2026-09-20 17:21:35] No update available (up to date at 2acf2a6).
[2026-09-20 17:26:35]   git: From https://github.com/dunking99/Meridian-Primary
[2026-09-20 17:26:35]   git:  * branch            main       -> FETCH_HEAD
[2026-09-20 17:26:35] No update available (up to date at 2acf2a6).
[2026-09-20 17:31:35]   git: From https://github.com/dunking99/Meridian-Primary
[2026-09-20 17:31:35]   git:  * branch            main       -> FETCH_HEAD
[2026-09-20 17:31:35] No update available (up to date at 2acf2a6).
[2026-09-20 17:36:35]   git: From https://github.com/dunking99/Meridian-Primary
[2026-09-20 17:36:35]   git:  * branch            main       -> FETCH_HEAD
[2026-09-20 17:36:35] No update available (up to date at 2acf2a6).
[2026-09-20 17:41:35]   git: From https://github.com/dunking99/Meridian-Primary
[2026-09-20 17:41:35]   git:  * branch            main       -> FETCH_HEAD
[2026-09-20 17:41:35] No update available (up to date at 2acf2a6).
[2026-09-20 17:46:35]   git: From https://github.com/dunking99/Meridian-Primary
[2026-09-20 17:46:35]   git:  * branch            main       -> FETCH_HEAD
[2026-09-20 17:46:35] No update available (up to date at 2acf2a6).
[2026-09-20 17:51:35]   git: From https://github.com/dunking99/Meridian-Primary
[2026-09-20 17:51:35]   git:  * branch            main       -> FETCH_HEAD
[2026-09-20 17:51:35] No update available (up to date at 2acf2a6).
[2026-09-20 17:56:35]   git: From https://github.com/dunking99/Meridian-Primary
[2026-09-20 17:56:35]   git:  * branch            main       -> FETCH_HEAD
[2026-09-20 17:56:35] No update available (up to date at 2acf2a6).
[2026-09-20 18:01:35]   git: From https://github.com/dunking99/Meridian-Primary
[2026-09-20 18:01:35]   git:  * branch            main       -> FETCH_HEAD
[2026-09-20 18:01:35] No update available (up to date at 2acf2a6).
[2026-09-20 18:06:35]   git: From https://github.com/dunking99/Meridian-Primary
[2026-09-20 18:06:35]   git:  * branch            main       -> FETCH_HEAD
[2026-09-20 18:06:35] No update available (up to date at 2acf2a6).
[2026-09-20 18:11:35]   git: From https://github.com/dunking99/Meridian-Primary
[2026-09-20 18:11:35]   git:  * branch            main       -> FETCH_HEAD
[2026-09-20 18:11:35] No update available (up to date at 2acf2a6).
[2026-09-20 18:16:35]   git: From https://github.com/dunking99/Meridian-Primary
[2026-09-20 18:16:35]   git:  * branch            main       -> FETCH_HEAD
[2026-09-20 18:16:36] No update available (up to date at 2acf2a6).
[2026-09-20 18:21:35]   git: From https://github.com/dunking99/Meridian-Primary
[2026-09-20 18:21:35]   git:  * branch            main       -> FETCH_HEAD
[2026-09-20 18:21:35] No update available (up to date at 2acf2a6).
[2026-09-20 18:26:35]   git: From https://github.com/dunking99/Meridian-Primary
[2026-09-20 18:26:35]   git:  * branch            main       -> FETCH_HEAD
[2026-09-20 18:26:36] No update available (up to date at 2acf2a6).
[2026-09-20 18:31:36]   git: From https://github.com/dunking99/Meridian-Primary
[2026-09-20 18:31:36]   git:  * branch            main       -> FETCH_HEAD
[2026-09-20 18:31:36] No update available (up to date at 2acf2a6).
[2026-09-20 18:36:35]   git: From https://github.com/dunking99/Meridian-Primary
[2026-09-20 18:36:35]   git:  * branch            main       -> FETCH_HEAD
[2026-09-20 18:36:35] No update available (up to date at 2acf2a6).
[2026-09-20 18:41:36]   git: From https://github.com/dunking99/Meridian-Primary
[2026-09-20 18:41:36]   git:  * branch            main       -> FETCH_HEAD
[2026-09-20 18:41:36] No update available (up to date at 2acf2a6).
[2026-09-20 18:46:35]   git: From https://github.com/dunking99/Meridian-Primary
[2026-09-20 18:46:35]   git:  * branch            main       -> FETCH_HEAD
[2026-09-20 18:46:35] No update available (up to date at 2acf2a6).
[2026-09-20 18:51:35]   git: From https://github.com/dunking99/Meridian-Primary
[2026-09-20 18:51:35]   git:  * branch            main       -> FETCH_HEAD
[2026-09-20 18:51:35] No update available (up to date at 2acf2a6).
[2026-09-20 18:56:35]   git: From https://github.com/dunking99/Meridian-Primary
[2026-09-20 18:56:35]   git:  * branch            main       -> FETCH_HEAD
[2026-09-20 18:56:35] No update available (up to date at 2acf2a6).
[2026-09-20 19:01:35]   git: From https://github.com/dunking99/Meridian-Primary
[2026-09-20 19:01:35]   git:  * branch            main       -> FETCH_HEAD
[2026-09-20 19:01:35] No update available (up to date at 2acf2a6).
[2026-09-20 19:06:35]   git: From https://github.com/dunking99/Meridian-Primary
[2026-09-20 19:06:35]   git:  * branch            main       -> FETCH_HEAD
[2026-09-20 19:06:35] No update available (up to date at 2acf2a6).
[2026-09-20 19:11:35]   git: From https://github.com/dunking99/Meridian-Primary
[2026-09-20 19:11:35]   git:  * branch            main       -> FETCH_HEAD
[2026-09-20 19:11:35] No update available (up to date at 2acf2a6).
[2026-09-20 19:16:35]   git: From https://github.com/dunking99/Meridian-Primary
[2026-09-20 19:16:35]   git:  * branch            main       -> FETCH_HEAD
[2026-09-20 19:16:35] No update available (up to date at 2acf2a6).
[2026-09-20 19:21:35]   git: From https://github.com/dunking99/Meridian-Primary
[2026-09-20 19:21:35]   git:  * branch            main       -> FETCH_HEAD
[2026-09-20 19:21:35] No update available (up to date at 2acf2a6).
[2026-09-20 19:26:35]   git: From https://github.com/dunking99/Meridian-Primary
[2026-09-20 19:26:35]   git:  * branch            main       -> FETCH_HEAD
[2026-09-20 19:26:35] No update available (up to date at 2acf2a6).
[2026-09-20 19:31:35]   git: From https://github.com/dunking99/Meridian-Primary
[2026-09-20 19:31:35]   git:  * branch            main       -> FETCH_HEAD
[2026-09-20 19:31:35] No update available (up to date at 2acf2a6).
[2026-09-20 19:36:35]   git: From https://github.com/dunking99/Meridian-Primary
[2026-09-20 19:36:35]   git:  * branch            main       -> FETCH_HEAD
[2026-09-20 19:36:35] No update available (up to date at 2acf2a6).
[2026-09-20 19:41:35]   git: From https://github.com/dunking99/Meridian-Primary
[2026-09-20 19:41:35]   git:  * branch            main       -> FETCH_HEAD
[2026-09-20 19:41:35] No update available (up to date at 2acf2a6).
[2026-09-20 19:46:35]   git: From https://github.com/dunking99/Meridian-Primary
[2026-09-20 19:46:35]   git:  * branch            main       -> FETCH_HEAD
[2026-09-20 19:46:35] No update available (up to date at 2acf2a6).
[2026-09-20 19:51:35]   git: From https://github.com/dunking99/Meridian-Primary
[2026-09-20 19:51:35]   git:  * branch            main       -> FETCH_HEAD
[2026-09-20 19:51:36] No update available (up to date at 2acf2a6).
[2026-09-20 19:56:35]   git: From https://github.com/dunking99/Meridian-Primary
[2026-09-20 19:56:35]   git:  * branch            main       -> FETCH_HEAD
[2026-09-20 19:56:35] No update available (up to date at 2acf2a6).
[2026-09-20 20:01:35]   git: From https://github.com/dunking99/Meridian-Primary
[2026-09-20 20:01:35]   git:  * branch            main       -> FETCH_HEAD
[2026-09-20 20:01:35] No update available (up to date at 2acf2a6).
[2026-09-20 20:06:35]   git: From https://github.com/dunking99/Meridian-Primary
[2026-09-20 20:06:35]   git:  * branch            main       -> FETCH_HEAD
[2026-09-20 20:06:36] No update available (up to date at 2acf2a6).
[2026-09-20 20:11:35]   git: From https://github.com/dunking99/Meridian-Primary
[2026-09-20 20:11:35]   git:  * branch            main       -> FETCH_HEAD
[2026-09-20 20:11:35] No update available (up to date at 2acf2a6).
[2026-09-20 20:16:35]   git: From https://github.com/dunking99/Meridian-Primary
[2026-09-20 20:16:35]   git:  * branch            main       -> FETCH_HEAD
[2026-09-20 20:16:35] No update available (up to date at 2acf2a6).
[2026-09-20 20:21:36]   git: From https://github.com/dunking99/Meridian-Primary
[2026-09-20 20:21:36]   git:  * branch            main       -> FETCH_HEAD
[2026-09-20 20:21:36] No update available (up to date at 2acf2a6).
[2026-09-20 20:26:35]   git: From https://github.com/dunking99/Meridian-Primary
[2026-09-20 20:26:35]   git:  * branch            main       -> FETCH_HEAD
[2026-09-20 20:26:36] No update available (up to date at 2acf2a6).
[2026-09-20 20:31:35]   git: From https://github.com/dunking99/Meridian-Primary
[2026-09-20 20:31:35]   git:  * branch            main       -> FETCH_HEAD
[2026-09-20 20:31:36] No update available (up to date at 2acf2a6).
[2026-09-20 20:36:36]   git: From https://github.com/dunking99/Meridian-Primary
[2026-09-20 20:36:36]   git:  * branch            main       -> FETCH_HEAD
[2026-09-20 20:36:36] No update available (up to date at 2acf2a6).
[2026-09-20 20:41:34]   git: From https://github.com/dunking99/Meridian-Primary
[2026-09-20 20:41:34]   git:  * branch            main       -> FETCH_HEAD
[2026-09-20 20:41:34] No update available (up to date at 2acf2a6).
[2026-09-20 20:46:34]   git: From https://github.com/dunking99/Meridian-Primary
[2026-09-20 20:46:34]   git:  * branch            main       -> FETCH_HEAD
[2026-09-20 20:46:34] No update available (up to date at 2acf2a6).
[2026-09-20 20:51:34]   git: From https://github.com/dunking99/Meridian-Primary
[2026-09-20 20:51:34]   git:  * branch            main       -> FETCH_HEAD
[2026-09-20 20:51:34] No update available (up to date at 2acf2a6).
[2026-09-20 20:56:34]   git: From https://github.com/dunking99/Meridian-Primary
[2026-09-20 20:56:34]   git:  * branch            main       -> FETCH_HEAD
[2026-09-20 20:56:34] No update available (up to date at 2acf2a6).
[2026-09-20 21:01:34]   git: From https://github.com/dunking99/Meridian-Primary
[2026-09-20 21:01:34]   git:  * branch            main       -> FETCH_HEAD
[2026-09-20 21:01:34] No update available (up to date at 2acf2a6).
[2026-09-20 21:06:34]   git: From https://github.com/dunking99/Meridian-Primary
[2026-09-20 21:06:34]   git:  * branch            main       -> FETCH_HEAD
[2026-09-20 21:06:34] No update available (up to date at 2acf2a6).
[2026-09-20 21:11:34]   git: From https://github.com/dunking99/Meridian-Primary
[2026-09-20 21:11:34]   git:  * branch            main       -> FETCH_HEAD
[2026-09-20 21:11:34] No update available (up to date at 2acf2a6).
[2026-09-20 21:16:34]   git: From https://github.com/dunking99/Meridian-Primary
[2026-09-20 21:16:34]   git:  * branch            main       -> FETCH_HEAD
[2026-09-20 21:16:34] No update available (up to date at 2acf2a6).
[2026-09-20 21:21:34]   git: From https://github.com/dunking99/Meridian-Primary
[2026-09-20 21:21:34]   git:  * branch            main       -> FETCH_HEAD
[2026-09-20 21:21:34] No update available (up to date at 2acf2a6).
[2026-09-20 21:26:35]   git: From https://github.com/dunking99/Meridian-Primary
[2026-09-20 21:26:35]   git:  * branch            main       -> FETCH_HEAD
[2026-09-20 21:26:35] No update available (up to date at 2acf2a6).
[2026-09-20 21:31:34]   git: From https://github.com/dunking99/Meridian-Primary
[2026-09-20 21:31:34]   git:  * branch            main       -> FETCH_HEAD
[2026-09-20 21:31:35] No update available (up to date at 2acf2a6).
[2026-09-20 21:36:34]   git: From https://github.com/dunking99/Meridian-Primary
[2026-09-20 21:36:34]   git:  * branch            main       -> FETCH_HEAD
[2026-09-20 21:36:35] No update available (up to date at 2acf2a6).
[2026-09-20 21:41:35]   git: From https://github.com/dunking99/Meridian-Primary
[2026-09-20 21:41:35]   git:  * branch            main       -> FETCH_HEAD
[2026-09-20 21:41:35] No update available (up to date at 2acf2a6).
[2026-09-20 21:46:34]   git: From https://github.com/dunking99/Meridian-Primary
[2026-09-20 21:46:34]   git:  * branch            main       -> FETCH_HEAD
[2026-09-20 21:46:34] No update available (up to date at 2acf2a6).
[2026-09-20 21:51:34]   git: From https://github.com/dunking99/Meridian-Primary
[2026-09-20 21:51:34]   git:  * branch            main       -> FETCH_HEAD
[2026-09-20 21:51:35] No update available (up to date at 2acf2a6).
[2026-09-20 21:56:35]   git: From https://github.com/dunking99/Meridian-Primary
[2026-09-20 21:56:35]   git:  * branch            main       -> FETCH_HEAD
[2026-09-20 21:56:35] No update available (up to date at 2acf2a6).
[2026-09-20 22:01:35]   git: From https://github.com/dunking99/Meridian-Primary
[2026-09-20 22:01:35]   git:  * branch            main       -> FETCH_HEAD
[2026-09-20 22:01:35] No update available (up to date at 2acf2a6).
[2026-09-20 22:06:36]   git: From https://github.com/dunking99/Meridian-Primary
[2026-09-20 22:06:36]   git:  * branch            main       -> FETCH_HEAD
[2026-09-20 22:06:36] No update available (up to date at 2acf2a6).
[2026-09-20 22:11:35]   git: From https://github.com/dunking99/Meridian-Primary
[2026-09-20 22:11:35]   git:  * branch            main       -> FETCH_HEAD
[2026-09-20 22:11:35] No update available (up to date at 2acf2a6).
[2026-09-20 22:16:35]   git: From https://github.com/dunking99/Meridian-Primary
[2026-09-20 22:16:35]   git:  * branch            main       -> FETCH_HEAD
[2026-09-20 22:16:35] No update available (up to date at 2acf2a6).
[2026-09-20 22:21:36]   git: From https://github.com/dunking99/Meridian-Primary
[2026-09-20 22:21:36]   git:  * branch            main       -> FETCH_HEAD
[2026-09-20 22:21:36] No update available (up to date at 2acf2a6).
[2026-09-20 22:26:38]   git: From https://github.com/dunking99/Meridian-Primary
[2026-09-20 22:26:38]   git:  * branch            main       -> FETCH_HEAD
[2026-09-20 22:26:39] No update available (up to date at 2acf2a6).
[2026-09-20 22:31:36]   git: From https://github.com/dunking99/Meridian-Primary
[2026-09-20 22:31:36]   git:  * branch            main       -> FETCH_HEAD
[2026-09-20 22:31:36] No update available (up to date at 2acf2a6).
[2026-09-20 22:36:37]   git: From https://github.com/dunking99/Meridian-Primary
[2026-09-20 22:36:37]   git:  * branch            main       -> FETCH_HEAD
[2026-09-20 22:36:38] No update available (up to date at 2acf2a6).
[2026-09-20 22:41:37]   git: From https://github.com/dunking99/Meridian-Primary
[2026-09-20 22:41:37]   git:  * branch            main       -> FETCH_HEAD
[2026-09-20 22:41:37] No update available (up to date at 2acf2a6).
[2026-09-20 22:46:37]   git: From https://github.com/dunking99/Meridian-Primary
[2026-09-20 22:46:37]   git:  * branch            main       -> FETCH_HEAD
[2026-09-20 22:46:37] No update available (up to date at 2acf2a6).
[2026-09-20 22:51:35]   git: From https://github.com/dunking99/Meridian-Primary
[2026-09-20 22:51:35]   git:  * branch            main       -> FETCH_HEAD
[2026-09-20 22:51:35] No update available (up to date at 2acf2a6).
[2026-09-20 22:56:35]   git: From https://github.com/dunking99/Meridian-Primary
[2026-09-20 22:56:35]   git:  * branch            main       -> FETCH_HEAD
[2026-09-20 22:56:35] No update available (up to date at 2acf2a6).
[2026-09-20 23:01:35]   git: From https://github.com/dunking99/Meridian-Primary
[2026-09-20 23:01:35]   git:  * branch            main       -> FETCH_HEAD
[2026-09-20 23:01:35] No update available (up to date at 2acf2a6).
[2026-09-20 23:06:35]   git: From https://github.com/dunking99/Meridian-Primary
[2026-09-20 23:06:35]   git:  * branch            main       -> FETCH_HEAD
[2026-09-20 23:06:35] No update available (up to date at 2acf2a6).
[2026-09-21 14:20:58]   git: From https://github.com/dunking99/Meridian-Primary
[2026-09-21 14:20:58]   git:  * branch            main       -> FETCH_HEAD
[2026-09-21 14:20:58] No update available (up to date at 2acf2a6).
[2026-09-21 14:20:59] App isn't running -- starting it.
[2026-09-21 14:20:59] Restarting Meridian...
[2026-09-21 14:21:01] Restart issued.
[2026-09-21 14:21:35]   git: From https://github.com/dunking99/Meridian-Primary
[2026-09-21 14:21:35]   git:  * branch            main       -> FETCH_HEAD
[2026-09-21 14:21:35] No update available (up to date at 2acf2a6).
[2026-09-21 14:26:35]   git: From https://github.com/dunking99/Meridian-Primary
[2026-09-21 14:26:35]   git:  * branch            main       -> FETCH_HEAD
[2026-09-21 14:26:35] No update available (up to date at 2acf2a6).
[2026-09-21 14:31:35]   git: From https://github.com/dunking99/Meridian-Primary
[2026-09-21 14:31:35]   git:  * branch            main       -> FETCH_HEAD
[2026-09-21 14:31:35] No update available (up to date at 2acf2a6).
[2026-09-21 14:36:34]   git: From https://github.com/dunking99/Meridian-Primary
[2026-09-21 14:36:35]   git:  * branch            main       -> FETCH_HEAD
[2026-09-21 14:36:35] No update available (up to date at 2acf2a6).
[2026-09-21 14:41:35]   git: From https://github.com/dunking99/Meridian-Primary
[2026-09-21 14:41:35]   git:  * branch            main       -> FETCH_HEAD
[2026-09-21 14:41:35] No update available (up to date at 2acf2a6).
[2026-09-21 14:46:35]   git: From https://github.com/dunking99/Meridian-Primary
[2026-09-21 14:46:35]   git:  * branch            main       -> FETCH_HEAD
[2026-09-21 14:46:35] No update available (up to date at 2acf2a6).
[2026-09-21 14:51:34]   git: From https://github.com/dunking99/Meridian-Primary
[2026-09-21 14:51:34]   git:  * branch            main       -> FETCH_HEAD
[2026-09-21 14:51:35] No update available (up to date at 2acf2a6).
[2026-09-21 14:56:35]   git: From https://github.com/dunking99/Meridian-Primary
[2026-09-21 14:56:35]   git:  * branch            main       -> FETCH_HEAD
[2026-09-21 14:56:35] No update available (up to date at 2acf2a6).
[2026-09-21 15:01:35]   git: From https://github.com/dunking99/Meridian-Primary
[2026-09-21 15:01:35]   git:  * branch            main       -> FETCH_HEAD
[2026-09-21 15:01:35] No update available (up to date at 2acf2a6).
[2026-09-21 15:06:34]   git: From https://github.com/dunking99/Meridian-Primary
[2026-09-21 15:06:34]   git:  * branch            main       -> FETCH_HEAD
[2026-09-21 15:06:35] No update available (up to date at 2acf2a6).
[2026-09-21 15:11:35]   git: From https://github.com/dunking99/Meridian-Primary
[2026-09-21 15:11:35]   git:  * branch            main       -> FETCH_HEAD
[2026-09-21 15:11:35] No update available (up to date at 2acf2a6).
[2026-09-21 15:16:34]   git: From https://github.com/dunking99/Meridian-Primary
[2026-09-21 15:16:34]   git:  * branch            main       -> FETCH_HEAD
[2026-09-21 15:16:35] No update available (up to date at 2acf2a6).
[2026-09-21 15:21:35]   git: From https://github.com/dunking99/Meridian-Primary
[2026-09-21 15:21:35]   git:  * branch            main       -> FETCH_HEAD
[2026-09-21 15:21:35] No update available (up to date at 2acf2a6).
[2026-09-21 15:26:35]   git: From https://github.com/dunking99/Meridian-Primary
[2026-09-21 15:26:35]   git:  * branch            main       -> FETCH_HEAD
[2026-09-21 15:26:35] No update available (up to date at 2acf2a6).
[2026-09-21 15:31:35]   git: From https://github.com/dunking99/Meridian-Primary
[2026-09-21 15:31:35]   git:  * branch            main       -> FETCH_HEAD
[2026-09-21 15:31:35] No update available (up to date at 2acf2a6).
[2026-09-21 15:36:35]   git: From https://github.com/dunking99/Meridian-Primary
[2026-09-21 15:36:35]   git:  * branch            main       -> FETCH_HEAD
[2026-09-21 15:36:35] No update available (up to date at 2acf2a6).
[2026-09-21 15:41:35]   git: From https://github.com/dunking99/Meridian-Primary
[2026-09-21 15:41:35]   git:  * branch            main       -> FETCH_HEAD
[2026-09-21 15:41:35] No update available (up to date at 2acf2a6).
[2026-09-21 15:46:35]   git: From https://github.com/dunking99/Meridian-Primary
[2026-09-21 15:46:35]   git:  * branch            main       -> FETCH_HEAD
[2026-09-21 15:46:35] No update available (up to date at 2acf2a6).
[2026-09-21 15:51:35]   git: From https://github.com/dunking99/Meridian-Primary
[2026-09-21 15:51:35]   git:  * branch            main       -> FETCH_HEAD
[2026-09-21 15:51:35] No update available (up to date at 2acf2a6).
[2026-09-21 15:56:35]   git: From https://github.com/dunking99/Meridian-Primary
[2026-09-21 15:56:35]   git:  * branch            main       -> FETCH_HEAD
[2026-09-21 15:56:35] No update available (up to date at 2acf2a6).
[2026-09-21 16:01:35]   git: From https://github.com/dunking99/Meridian-Primary
[2026-09-21 16:01:35]   git:  * branch            main       -> FETCH_HEAD
[2026-09-21 16:01:35] No update available (up to date at 2acf2a6).
[2026-09-21 16:06:35]   git: From https://github.com/dunking99/Meridian-Primary
[2026-09-21 16:06:35]   git:  * branch            main       -> FETCH_HEAD
[2026-09-21 16:06:35] No update available (up to date at 2acf2a6).
[2026-09-21 16:11:35]   git: From https://github.com/dunking99/Meridian-Primary
[2026-09-21 16:11:35]   git:  * branch            main       -> FETCH_HEAD
[2026-09-21 16:11:35] No update available (up to date at 2acf2a6).
[2026-09-21 16:16:35]   git: From https://github.com/dunking99/Meridian-Primary
[2026-09-21 16:16:35]   git:  * branch            main       -> FETCH_HEAD
[2026-09-21 16:16:35] No update available (up to date at 2acf2a6).
[2026-09-21 16:21:35]   git: From https://github.com/dunking99/Meridian-Primary
[2026-09-21 16:21:35]   git:  * branch            main       -> FETCH_HEAD
[2026-09-21 16:21:35] No update available (up to date at 2acf2a6).
[2026-09-21 16:26:35]   git: From https://github.com/dunking99/Meridian-Primary
[2026-09-21 16:26:35]   git:  * branch            main       -> FETCH_HEAD
[2026-09-21 16:26:35] No update available (up to date at 2acf2a6).
[2026-09-21 16:31:35]   git: From https://github.com/dunking99/Meridian-Primary
[2026-09-21 16:31:35]   git:  * branch            main       -> FETCH_HEAD
[2026-09-21 16:31:35] No update available (up to date at 2acf2a6).
[2026-09-21 16:36:35]   git: From https://github.com/dunking99/Meridian-Primary
[2026-09-21 16:36:35]   git:  * branch            main       -> FETCH_HEAD
[2026-09-21 16:36:35] No update available (up to date at 2acf2a6).
[2026-09-21 16:41:35]   git: From https://github.com/dunking99/Meridian-Primary
[2026-09-21 16:41:35]   git:  * branch            main       -> FETCH_HEAD
[2026-09-21 16:41:35] No update available (up to date at 2acf2a6).
[2026-09-21 16:46:35]   git: From https://github.com/dunking99/Meridian-Primary
[2026-09-21 16:46:35]   git:  * branch            main       -> FETCH_HEAD
[2026-09-21 16:46:35] No update available (up to date at 2acf2a6).
[2026-09-21 16:51:35]   git: From https://github.com/dunking99/Meridian-Primary
[2026-09-21 16:51:35]   git:  * branch            main       -> FETCH_HEAD
[2026-09-21 16:51:35] No update available (up to date at 2acf2a6).
[2026-09-21 16:56:35]   git: From https://github.com/dunking99/Meridian-Primary
[2026-09-21 16:56:35]   git:  * branch            main       -> FETCH_HEAD
[2026-09-21 16:56:35] No update available (up to date at 2acf2a6).
[2026-09-21 17:01:35]   git: From https://github.com/dunking99/Meridian-Primary
[2026-09-21 17:01:35]   git:  * branch            main       -> FETCH_HEAD
[2026-09-21 17:01:35] No update available (up to date at 2acf2a6).
[2026-09-21 17:06:35]   git: From https://github.com/dunking99/Meridian-Primary
[2026-09-21 17:06:35]   git:  * branch            main       -> FETCH_HEAD
[2026-09-21 17:06:35] No update available (up to date at 2acf2a6).
[2026-09-21 17:11:35]   git: From https://github.com/dunking99/Meridian-Primary
[2026-09-21 17:11:35]   git:  * branch            main       -> FETCH_HEAD
[2026-09-21 17:11:35] No update available (up to date at 2acf2a6).
[2026-09-21 17:16:35]   git: From https://github.com/dunking99/Meridian-Primary
[2026-09-21 17:16:35]   git:  * branch            main       -> FETCH_HEAD
[2026-09-21 17:16:35] No update available (up to date at 2acf2a6).
[2026-09-21 17:21:35]   git: From https://github.com/dunking99/Meridian-Primary
[2026-09-21 17:21:35]   git:  * branch            main       -> FETCH_HEAD
[2026-09-21 17:21:35] No update available (up to date at 2acf2a6).
[2026-09-21 17:26:35]   git: From https://github.com/dunking99/Meridian-Primary
[2026-09-21 17:26:35]   git:  * branch            main       -> FETCH_HEAD
[2026-09-21 17:26:35] No update available (up to date at 2acf2a6).
[2026-09-21 17:31:35]   git: From https://github.com/dunking99/Meridian-Primary
[2026-09-21 17:31:35]   git:  * branch            main       -> FETCH_HEAD
[2026-09-21 17:31:35] No update available (up to date at 2acf2a6).
[2026-09-21 17:36:35]   git: From https://github.com/dunking99/Meridian-Primary
[2026-09-21 17:36:35]   git:  * branch            main       -> FETCH_HEAD
[2026-09-21 17:36:35] No update available (up to date at 2acf2a6).
[2026-09-21 17:41:35]   git: From https://github.com/dunking99/Meridian-Primary
[2026-09-21 17:41:35]   git:  * branch            main       -> FETCH_HEAD
[2026-09-21 17:41:35] No update available (up to date at 2acf2a6).
[2026-09-21 17:46:35]   git: From https://github.com/dunking99/Meridian-Primary
[2026-09-21 17:46:35]   git:  * branch            main       -> FETCH_HEAD
[2026-09-21 17:46:35] No update available (up to date at 2acf2a6).
[2026-09-21 17:51:35]   git: From https://github.com/dunking99/Meridian-Primary
[2026-09-21 17:51:35]   git:  * branch            main       -> FETCH_HEAD
[2026-09-21 17:51:35] No update available (up to date at 2acf2a6).
[2026-09-21 17:56:35]   git: From https://github.com/dunking99/Meridian-Primary
[2026-09-21 17:56:35]   git:  * branch            main       -> FETCH_HEAD
[2026-09-21 17:56:35] No update available (up to date at 2acf2a6).
[2026-09-21 18:01:35]   git: From https://github.com/dunking99/Meridian-Primary
[2026-09-21 18:01:35]   git:  * branch            main       -> FETCH_HEAD
[2026-09-21 18:01:35] No update available (up to date at 2acf2a6).
[2026-09-21 18:06:35]   git: From https://github.com/dunking99/Meridian-Primary
[2026-09-21 18:06:35]   git:  * branch            main       -> FETCH_HEAD
[2026-09-21 18:06:35] No update available (up to date at 2acf2a6).
[2026-09-21 18:11:35]   git: From https://github.com/dunking99/Meridian-Primary
[2026-09-21 18:11:35]   git:  * branch            main       -> FETCH_HEAD
[2026-09-21 18:11:35] No update available (up to date at 2acf2a6).
[2026-09-21 18:16:35]   git: From https://github.com/dunking99/Meridian-Primary
[2026-09-21 18:16:35]   git:  * branch            main       -> FETCH_HEAD
[2026-09-21 18:16:35] No update available (up to date at 2acf2a6).
[2026-09-21 18:21:35]   git: From https://github.com/dunking99/Meridian-Primary
[2026-09-21 18:21:35]   git:  * branch            main       -> FETCH_HEAD
[2026-09-21 18:21:35] No update available (up to date at 2acf2a6).
[2026-09-21 18:26:35]   git: From https://github.com/dunking99/Meridian-Primary
[2026-09-21 18:26:35]   git:  * branch            main       -> FETCH_HEAD
[2026-09-21 18:26:35] No update available (up to date at 2acf2a6).
[2026-09-21 18:31:35]   git: From https://github.com/dunking99/Meridian-Primary
[2026-09-21 18:31:35]   git:  * branch            main       -> FETCH_HEAD
[2026-09-21 18:31:35] No update available (up to date at 2acf2a6).
[2026-09-21 18:36:35]   git: From https://github.com/dunking99/Meridian-Primary
[2026-09-21 18:36:35]   git:  * branch            main       -> FETCH_HEAD
[2026-09-21 18:36:35] No update available (up to date at 2acf2a6).
[2026-09-21 18:41:35]   git: From https://github.com/dunking99/Meridian-Primary
[2026-09-21 18:41:35]   git:  * branch            main       -> FETCH_HEAD
[2026-09-21 18:41:35] No update available (up to date at 2acf2a6).
[2026-09-21 18:46:35]   git: From https://github.com/dunking99/Meridian-Primary
[2026-09-21 18:46:35]   git:  * branch            main       -> FETCH_HEAD
[2026-09-21 18:46:35] No update available (up to date at 2acf2a6).
[2026-09-21 18:51:35]   git: From https://github.com/dunking99/Meridian-Primary
[2026-09-21 18:51:35]   git:  * branch            main       -> FETCH_HEAD
[2026-09-21 18:51:35] No update available (up to date at 2acf2a6).
[2026-09-21 18:56:35]   git: From https://github.com/dunking99/Meridian-Primary
[2026-09-21 18:56:35]   git:  * branch            main       -> FETCH_HEAD
[2026-09-21 18:56:35] No update available (up to date at 2acf2a6).
[2026-09-21 19:01:35]   git: From https://github.com/dunking99/Meridian-Primary
[2026-09-21 19:01:35]   git:  * branch            main       -> FETCH_HEAD
[2026-09-21 19:01:35] No update available (up to date at 2acf2a6).
[2026-09-21 19:06:35]   git: From https://github.com/dunking99/Meridian-Primary
[2026-09-21 19:06:35]   git:  * branch            main       -> FETCH_HEAD
[2026-09-21 19:06:35] No update available (up to date at 2acf2a6).
[2026-09-21 19:11:36]   git: From https://github.com/dunking99/Meridian-Primary
[2026-09-21 19:11:36]   git:  * branch            main       -> FETCH_HEAD
[2026-09-21 19:11:36] No update available (up to date at 2acf2a6).
[2026-09-21 19:16:35]   git: From https://github.com/dunking99/Meridian-Primary
[2026-09-21 19:16:35]   git:  * branch            main       -> FETCH_HEAD
[2026-09-21 19:16:35] No update available (up to date at 2acf2a6).
[2026-09-21 19:21:35]   git: From https://github.com/dunking99/Meridian-Primary
[2026-09-21 19:21:35]   git:  * branch            main       -> FETCH_HEAD
[2026-09-21 19:21:35] No update available (up to date at 2acf2a6).
[2026-09-21 19:26:35]   git: From https://github.com/dunking99/Meridian-Primary
[2026-09-21 19:26:35]   git:  * branch            main       -> FETCH_HEAD
[2026-09-21 19:26:35] No update available (up to date at 2acf2a6).
[2026-09-21 19:31:35]   git: From https://github.com/dunking99/Meridian-Primary
[2026-09-21 19:31:35]   git:  * branch            main       -> FETCH_HEAD
[2026-09-21 19:31:35] No update available (up to date at 2acf2a6).
[2026-09-21 21:24:09]   git: From https://github.com/dunking99/Meridian-Primary
[2026-09-21 21:24:09]   git:  * branch            main       -> FETCH_HEAD
[2026-09-21 21:24:09] No update available (up to date at 2acf2a6).
[2026-09-21 21:24:10] App isn't running -- starting it.
[2026-09-21 21:24:10] Restarting Meridian...
[2026-09-21 21:24:12] Restart issued.
[2026-09-21 21:29:56]   git: From https://github.com/dunking99/Meridian-Primary
[2026-09-21 21:29:56]   git:  * branch            main       -> FETCH_HEAD
[2026-09-21 21:29:56] No update available (up to date at 2acf2a6).
[2026-09-21 21:31:35]   git: From https://github.com/dunking99/Meridian-Primary
[2026-09-21 21:31:35]   git:  * branch            main       -> FETCH_HEAD
[2026-09-21 21:31:35] No update available (up to date at 2acf2a6).
[2026-09-21 21:36:35]   git: From https://github.com/dunking99/Meridian-Primary
[2026-09-21 21:36:35]   git:  * branch            main       -> FETCH_HEAD
[2026-09-21 21:36:35] No update available (up to date at 2acf2a6).
[2026-09-21 21:41:35]   git: From https://github.com/dunking99/Meridian-Primary
[2026-09-21 21:41:36]   git:  * branch            main       -> FETCH_HEAD
[2026-09-21 21:41:36] No update available (up to date at 2acf2a6).
[2026-09-21 21:46:43]   git: From https://github.com/dunking99/Meridian-Primary
[2026-09-21 21:46:43]   git:  * branch            main       -> FETCH_HEAD
[2026-09-21 21:46:43] No update available (up to date at 2acf2a6).
[2026-09-21 21:51:35]   git: From https://github.com/dunking99/Meridian-Primary
[2026-09-21 21:51:35]   git:  * branch            main       -> FETCH_HEAD
[2026-09-21 21:51:35] No update available (up to date at 2acf2a6).
[2026-09-21 21:56:35]   git: From https://github.com/dunking99/Meridian-Primary
[2026-09-21 21:56:35]   git:  * branch            main       -> FETCH_HEAD
[2026-09-21 21:56:36] No update available (up to date at 2acf2a6).
[2026-09-21 22:01:35]   git: From https://github.com/dunking99/Meridian-Primary
[2026-09-21 22:01:35]   git:  * branch            main       -> FETCH_HEAD
[2026-09-21 22:01:35] No update available (up to date at 2acf2a6).
[2026-09-21 22:06:35]   git: From https://github.com/dunking99/Meridian-Primary
[2026-09-21 22:06:35]   git:  * branch            main       -> FETCH_HEAD
[2026-09-21 22:06:35] No update available (up to date at 2acf2a6).
[2026-09-21 22:11:35]   git: From https://github.com/dunking99/Meridian-Primary
[2026-09-21 22:11:35]   git:  * branch            main       -> FETCH_HEAD
[2026-09-21 22:11:35] No update available (up to date at 2acf2a6).
[2026-09-21 22:16:35]   git: From https://github.com/dunking99/Meridian-Primary
[2026-09-21 22:16:35]   git:  * branch            main       -> FETCH_HEAD
[2026-09-21 22:16:35] No update available (up to date at 2acf2a6).
[2026-09-21 22:21:35]   git: From https://github.com/dunking99/Meridian-Primary
[2026-09-21 22:21:35]   git:  * branch            main       -> FETCH_HEAD
[2026-09-21 22:21:35] No update available (up to date at 2acf2a6).
[2026-09-21 22:26:35]   git: From https://github.com/dunking99/Meridian-Primary
[2026-09-21 22:26:35]   git:  * branch            main       -> FETCH_HEAD
[2026-09-21 22:26:35] No update available (up to date at 2acf2a6).
[2026-09-21 22:31:35]   git: From https://github.com/dunking99/Meridian-Primary
[2026-09-21 22:31:35]   git:  * branch            main       -> FETCH_HEAD
[2026-09-21 22:31:35] No update available (up to date at 2acf2a6).
[2026-09-21 22:36:35]   git: From https://github.com/dunking99/Meridian-Primary
[2026-09-21 22:36:35]   git:  * branch            main       -> FETCH_HEAD
[2026-09-21 22:36:35] No update available (up to date at 2acf2a6).
[2026-09-21 22:41:35]   git: From https://github.com/dunking99/Meridian-Primary
[2026-09-21 22:41:35]   git:  * branch            main       -> FETCH_HEAD
[2026-09-21 22:41:36] No update available (up to date at 2acf2a6).
[2026-09-21 22:46:35]   git: From https://github.com/dunking99/Meridian-Primary
[2026-09-21 22:46:35]   git:  * branch            main       -> FETCH_HEAD
[2026-09-21 22:46:35] No update available (up to date at 2acf2a6).
[2026-09-21 22:51:35]   git: From https://github.com/dunking99/Meridian-Primary
[2026-09-21 22:51:35]   git:  * branch            main       -> FETCH_HEAD
[2026-09-21 22:51:35] No update available (up to date at 2acf2a6).
[2026-09-21 22:56:35]   git: From https://github.com/dunking99/Meridian-Primary
[2026-09-21 22:56:35]   git:  * branch            main       -> FETCH_HEAD
[2026-09-21 22:56:35] No update available (up to date at 2acf2a6).
[2026-09-21 23:01:35]   git: From https://github.com/dunking99/Meridian-Primary
[2026-09-21 23:01:35]   git:  * branch            main       -> FETCH_HEAD
[2026-09-21 23:01:35] No update available (up to date at 2acf2a6).
[2026-09-21 23:06:35]   git: From https://github.com/dunking99/Meridian-Primary
[2026-09-21 23:06:35]   git:  * branch            main       -> FETCH_HEAD
[2026-09-21 23:06:35] No update available (up to date at 2acf2a6).
[2026-09-21 23:11:35]   git: From https://github.com/dunking99/Meridian-Primary
[2026-09-21 23:11:35]   git:  * branch            main       -> FETCH_HEAD
[2026-09-21 23:11:35] No update available (up to date at 2acf2a6).
[2026-09-21 23:16:35]   git: From https://github.com/dunking99/Meridian-Primary
[2026-09-21 23:16:35]   git:  * branch            main       -> FETCH_HEAD
[2026-09-21 23:16:35] No update available (up to date at 2acf2a6).
[2026-09-21 23:21:35]   git: From https://github.com/dunking99/Meridian-Primary
[2026-09-21 23:21:35]   git:  * branch            main       -> FETCH_HEAD
[2026-09-21 23:21:35] No update available (up to date at 2acf2a6).
[2026-09-21 23:26:35]   git: From https://github.com/dunking99/Meridian-Primary
[2026-09-21 23:26:35]   git:  * branch            main       -> FETCH_HEAD
[2026-09-21 23:26:35] No update available (up to date at 2acf2a6).
[2026-09-21 23:31:35]   git: From https://github.com/dunking99/Meridian-Primary
[2026-09-21 23:31:35]   git:  * branch            main       -> FETCH_HEAD
[2026-09-21 23:31:35] No update available (up to date at 2acf2a6).
[2026-09-21 23:36:35]   git: From https://github.com/dunking99/Meridian-Primary
[2026-09-21 23:36:35]   git:  * branch            main       -> FETCH_HEAD
[2026-09-21 23:36:35] No update available (up to date at 2acf2a6).
[2026-09-21 23:41:35]   git: From https://github.com/dunking99/Meridian-Primary
[2026-09-21 23:41:35]   git:  * branch            main       -> FETCH_HEAD
[2026-09-21 23:41:36] No update available (up to date at 2acf2a6).
[2026-09-21 23:46:35]   git: From https://github.com/dunking99/Meridian-Primary
[2026-09-21 23:46:35]   git:  * branch            main       -> FETCH_HEAD
[2026-09-21 23:46:35] No update available (up to date at 2acf2a6).
[2026-09-21 23:51:35]   git: From https://github.com/dunking99/Meridian-Primary
[2026-09-21 23:51:35]   git:  * branch            main       -> FETCH_HEAD
[2026-09-21 23:51:35] No update available (up to date at 2acf2a6).
[2026-09-21 23:56:35]   git: From https://github.com/dunking99/Meridian-Primary
[2026-09-21 23:56:35]   git:  * branch            main       -> FETCH_HEAD
[2026-09-21 23:56:35] No update available (up to date at 2acf2a6).
[2026-09-22 00:01:35]   git: From https://github.com/dunking99/Meridian-Primary
[2026-09-22 00:01:35]   git:  * branch            main       -> FETCH_HEAD
[2026-09-22 00:01:35] No update available (up to date at 2acf2a6).
[2026-09-22 00:06:35]   git: From https://github.com/dunking99/Meridian-Primary
[2026-09-22 00:06:35]   git:  * branch            main       -> FETCH_HEAD
[2026-09-22 00:06:35] No update available (up to date at 2acf2a6).
[2026-09-22 00:11:35]   git: From https://github.com/dunking99/Meridian-Primary
[2026-09-22 00:11:35]   git:  * branch            main       -> FETCH_HEAD
[2026-09-22 00:11:35] No update available (up to date at 2acf2a6).
[2026-09-22 00:16:35]   git: From https://github.com/dunking99/Meridian-Primary
[2026-09-22 00:16:35]   git:  * branch            main       -> FETCH_HEAD
[2026-09-22 00:16:35] No update available (up to date at 2acf2a6).
[2026-09-22 00:21:35]   git: From https://github.com/dunking99/Meridian-Primary
[2026-09-22 00:21:35]   git:  * branch            main       -> FETCH_HEAD
[2026-09-22 00:21:35] No update available (up to date at 2acf2a6).
[2026-09-22 00:26:35]   git: From https://github.com/dunking99/Meridian-Primary
[2026-09-22 00:26:35]   git:  * branch            main       -> FETCH_HEAD
[2026-09-22 00:26:35] No update available (up to date at 2acf2a6).
[2026-09-22 00:31:35]   git: From https://github.com/dunking99/Meridian-Primary
[2026-09-22 00:31:35]   git:  * branch            main       -> FETCH_HEAD
[2026-09-22 00:31:35] No update available (up to date at 2acf2a6).
[2026-09-22 00:36:36]   git: From https://github.com/dunking99/Meridian-Primary
[2026-09-22 00:36:36]   git:  * branch            main       -> FETCH_HEAD
[2026-09-22 00:36:36] No update available (up to date at 2acf2a6).
[2026-09-22 13:10:30]   git: From https://github.com/dunking99/Meridian-Primary
[2026-09-22 13:10:30]   git:  * branch            main       -> FETCH_HEAD
[2026-09-22 13:10:30] No update available (up to date at 2acf2a6).
[2026-09-22 13:10:31] App isn't running -- starting it.
[2026-09-22 13:10:31] Restarting Meridian...
[2026-09-22 13:10:33] Restart issued.
[2026-09-22 13:16:18]   git: From https://github.com/dunking99/Meridian-Primary
[2026-09-22 13:16:18]   git:  * branch            main       -> FETCH_HEAD
[2026-09-22 13:16:19] No update available (up to date at 2acf2a6).
[2026-09-22 13:16:35]   git: From https://github.com/dunking99/Meridian-Primary
[2026-09-22 13:16:35]   git:  * branch            main       -> FETCH_HEAD
[2026-09-22 13:16:35] No update available (up to date at 2acf2a6).
[2026-09-22 13:21:35]   git: From https://github.com/dunking99/Meridian-Primary
[2026-09-22 13:21:35]   git:  * branch            main       -> FETCH_HEAD
[2026-09-22 13:21:35] No update available (up to date at 2acf2a6).
[2026-09-22 13:26:35]   git: From https://github.com/dunking99/Meridian-Primary
[2026-09-22 13:26:35]   git:  * branch            main       -> FETCH_HEAD
[2026-09-22 13:26:35] No update available (up to date at 2acf2a6).
[2026-09-22 13:31:35]   git: From https://github.com/dunking99/Meridian-Primary
[2026-09-22 13:31:35]   git:  * branch            main       -> FETCH_HEAD
[2026-09-22 13:31:35] No update available (up to date at 2acf2a6).
[2026-09-22 13:36:35]   git: From https://github.com/dunking99/Meridian-Primary
[2026-09-22 13:36:35]   git:  * branch            main       -> FETCH_HEAD
[2026-09-22 13:36:35] No update available (up to date at 2acf2a6).
[2026-09-22 13:41:35]   git: From https://github.com/dunking99/Meridian-Primary
[2026-09-22 13:41:35]   git:  * branch            main       -> FETCH_HEAD
[2026-09-22 13:41:35] No update available (up to date at 2acf2a6).
[2026-09-22 13:46:35]   git: From https://github.com/dunking99/Meridian-Primary
[2026-09-22 13:46:35]   git:  * branch            main       -> FETCH_HEAD
[2026-09-22 13:46:35] No update available (up to date at 2acf2a6).
[2026-09-22 13:51:35]   git: From https://github.com/dunking99/Meridian-Primary
[2026-09-22 13:51:35]   git:  * branch            main       -> FETCH_HEAD
[2026-09-22 13:51:35] No update available (up to date at 2acf2a6).
[2026-09-22 13:56:35]   git: From https://github.com/dunking99/Meridian-Primary
[2026-09-22 13:56:35]   git:  * branch            main       -> FETCH_HEAD
[2026-09-22 13:56:35] No update available (up to date at 2acf2a6).
[2026-09-22 14:01:35]   git: From https://github.com/dunking99/Meridian-Primary
[2026-09-22 14:01:35]   git:  * branch            main       -> FETCH_HEAD
[2026-09-22 14:01:35] No update available (up to date at 2acf2a6).
[2026-09-22 14:06:35]   git: From https://github.com/dunking99/Meridian-Primary
[2026-09-22 14:06:35]   git:  * branch            main       -> FETCH_HEAD
[2026-09-22 14:06:35] No update available (up to date at 2acf2a6).
[2026-09-22 14:11:35]   git: From https://github.com/dunking99/Meridian-Primary
[2026-09-22 14:11:35]   git:  * branch            main       -> FETCH_HEAD
[2026-09-22 14:11:35] No update available (up to date at 2acf2a6).
[2026-09-22 14:16:35]   git: From https://github.com/dunking99/Meridian-Primary
[2026-09-22 14:16:35]   git:  * branch            main       -> FETCH_HEAD
[2026-09-22 14:16:35] No update available (up to date at 2acf2a6).
[2026-09-22 14:21:36]   git: From https://github.com/dunking99/Meridian-Primary
[2026-09-22 14:21:36]   git:  * branch            main       -> FETCH_HEAD
[2026-09-22 14:21:36] No update available (up to date at 2acf2a6).
[2026-09-22 14:26:35]   git: From https://github.com/dunking99/Meridian-Primary
[2026-09-22 14:26:35]   git:  * branch            main       -> FETCH_HEAD
[2026-09-22 14:26:35] No update available (up to date at 2acf2a6).
[2026-09-22 14:31:35]   git: From https://github.com/dunking99/Meridian-Primary
[2026-09-22 14:31:35]   git:  * branch            main       -> FETCH_HEAD
[2026-09-22 14:31:35] No update available (up to date at 2acf2a6).
[2026-09-22 14:36:35]   git: From https://github.com/dunking99/Meridian-Primary
[2026-09-22 14:36:35]   git:  * branch            main       -> FETCH_HEAD
[2026-09-22 14:36:35] No update available (up to date at 2acf2a6).
[2026-09-22 14:41:35]   git: From https://github.com/dunking99/Meridian-Primary
[2026-09-22 14:41:35]   git:  * branch            main       -> FETCH_HEAD
[2026-09-22 14:41:35] No update available (up to date at 2acf2a6).
[2026-09-22 14:46:35]   git: From https://github.com/dunking99/Meridian-Primary
[2026-09-22 14:46:35]   git:  * branch            main       -> FETCH_HEAD
[2026-09-22 14:46:35] No update available (up to date at 2acf2a6).
[2026-09-22 14:51:35]   git: From https://github.com/dunking99/Meridian-Primary
[2026-09-22 14:51:35]   git:  * branch            main       -> FETCH_HEAD
[2026-09-22 14:51:35] No update available (up to date at 2acf2a6).
[2026-09-22 14:56:35]   git: From https://github.com/dunking99/Meridian-Primary
[2026-09-22 14:56:35]   git:  * branch            main       -> FETCH_HEAD
[2026-09-22 14:56:35] No update available (up to date at 2acf2a6).
[2026-09-22 15:01:35]   git: From https://github.com/dunking99/Meridian-Primary
[2026-09-22 15:01:35]   git:  * branch            main       -> FETCH_HEAD
[2026-09-22 15:01:35] No update available (up to date at 2acf2a6).
[2026-09-22 15:06:36]   git: From https://github.com/dunking99/Meridian-Primary
[2026-09-22 15:06:36]   git:  * branch            main       -> FETCH_HEAD
[2026-09-22 15:06:36] No update available (up to date at 2acf2a6).
[2026-09-22 15:11:35]   git: From https://github.com/dunking99/Meridian-Primary
[2026-09-22 15:11:35]   git:  * branch            main       -> FETCH_HEAD
[2026-09-22 15:11:36] No update available (up to date at 2acf2a6).
[2026-09-22 15:16:35]   git: From https://github.com/dunking99/Meridian-Primary
[2026-09-22 15:16:35]   git:  * branch            main       -> FETCH_HEAD
[2026-09-22 15:16:35] No update available (up to date at 2acf2a6).
[2026-09-22 15:21:35]   git: From https://github.com/dunking99/Meridian-Primary
[2026-09-22 15:21:35]   git:  * branch            main       -> FETCH_HEAD
[2026-09-22 15:21:35] No update available (up to date at 2acf2a6).
[2026-09-22 15:26:35]   git: From https://github.com/dunking99/Meridian-Primary
[2026-09-22 15:26:35]   git:  * branch            main       -> FETCH_HEAD
[2026-09-22 15:26:36] No update available (up to date at 2acf2a6).
[2026-09-22 15:31:35]   git: From https://github.com/dunking99/Meridian-Primary
[2026-09-22 15:31:35]   git:  * branch            main       -> FETCH_HEAD
[2026-09-22 15:31:36] No update available (up to date at 2acf2a6).
[2026-09-22 15:36:35]   git: From https://github.com/dunking99/Meridian-Primary
[2026-09-22 15:36:35]   git:  * branch            main       -> FETCH_HEAD
[2026-09-22 15:36:36] No update available (up to date at 2acf2a6).
[2026-09-22 15:41:35]   git: From https://github.com/dunking99/Meridian-Primary
[2026-09-22 15:41:35]   git:  * branch            main       -> FETCH_HEAD
[2026-09-22 15:41:35] No update available (up to date at 2acf2a6).
[2026-09-22 15:46:35]   git: From https://github.com/dunking99/Meridian-Primary
[2026-09-22 15:46:35]   git:  * branch            main       -> FETCH_HEAD
[2026-09-22 15:46:35] No update available (up to date at 2acf2a6).
[2026-09-22 15:51:36]   git: From https://github.com/dunking99/Meridian-Primary
[2026-09-22 15:51:36]   git:  * branch            main       -> FETCH_HEAD
[2026-09-22 15:51:36] No update available (up to date at 2acf2a6).
[2026-09-22 15:56:36]   git: From https://github.com/dunking99/Meridian-Primary
[2026-09-22 15:56:36]   git:  * branch            main       -> FETCH_HEAD
[2026-09-22 15:56:36] No update available (up to date at 2acf2a6).
[2026-09-22 16:01:35]   git: From https://github.com/dunking99/Meridian-Primary
[2026-09-22 16:01:35]   git:  * branch            main       -> FETCH_HEAD
[2026-09-22 16:01:35] No update available (up to date at 2acf2a6).
[2026-09-22 16:06:36]   git: From https://github.com/dunking99/Meridian-Primary
[2026-09-22 16:06:36]   git:  * branch            main       -> FETCH_HEAD
[2026-09-22 16:06:36] No update available (up to date at 2acf2a6).
[2026-09-22 16:11:36]   git: From https://github.com/dunking99/Meridian-Primary
[2026-09-22 16:11:36]   git:  * branch            main       -> FETCH_HEAD
[2026-09-22 16:11:36] No update available (up to date at 2acf2a6).
[2026-09-22 16:16:36]   git: From https://github.com/dunking99/Meridian-Primary
[2026-09-22 16:16:36]   git:  * branch            main       -> FETCH_HEAD
[2026-09-22 16:16:36] No update available (up to date at 2acf2a6).
[2026-09-22 16:21:35]   git: From https://github.com/dunking99/Meridian-Primary
[2026-09-22 16:21:35]   git:  * branch            main       -> FETCH_HEAD
[2026-09-22 16:21:35] No update available (up to date at 2acf2a6).
[2026-09-22 16:26:36]   git: From https://github.com/dunking99/Meridian-Primary
[2026-09-22 16:26:36]   git:  * branch            main       -> FETCH_HEAD
[2026-09-22 16:26:36] No update available (up to date at 2acf2a6).
[2026-09-22 16:31:35]   git: From https://github.com/dunking99/Meridian-Primary
[2026-09-22 16:31:35]   git:  * branch            main       -> FETCH_HEAD
[2026-09-22 16:31:35] No update available (up to date at 2acf2a6).
[2026-09-22 16:36:36]   git: From https://github.com/dunking99/Meridian-Primary
[2026-09-22 16:36:36]   git:  * branch            main       -> FETCH_HEAD
[2026-09-22 16:36:36] No update available (up to date at 2acf2a6).
[2026-09-22 16:41:36]   git: From https://github.com/dunking99/Meridian-Primary
[2026-09-22 16:41:36]   git:  * branch            main       -> FETCH_HEAD
[2026-09-22 16:41:36] No update available (up to date at 2acf2a6).
[2026-09-22 16:46:36]   git: From https://github.com/dunking99/Meridian-Primary
[2026-09-22 16:46:36]   git:  * branch            main       -> FETCH_HEAD
[2026-09-22 16:46:36] No update available (up to date at 2acf2a6).
[2026-09-22 16:51:35]   git: From https://github.com/dunking99/Meridian-Primary
[2026-09-22 16:51:35]   git:  * branch            main       -> FETCH_HEAD
[2026-09-22 16:51:35] No update available (up to date at 2acf2a6).
[2026-09-22 16:56:36]   git: From https://github.com/dunking99/Meridian-Primary
[2026-09-22 16:56:36]   git:  * branch            main       -> FETCH_HEAD
[2026-09-22 16:56:36] No update available (up to date at 2acf2a6).
[2026-09-22 17:01:36]   git: From https://github.com/dunking99/Meridian-Primary
[2026-09-22 17:01:36]   git:  * branch            main       -> FETCH_HEAD
[2026-09-22 17:01:36] No update available (up to date at 2acf2a6).
[2026-09-22 17:06:36]   git: From https://github.com/dunking99/Meridian-Primary
[2026-09-22 17:06:36]   git:  * branch            main       -> FETCH_HEAD
[2026-09-22 17:06:36] No update available (up to date at 2acf2a6).
[2026-09-22 17:11:35]   git: From https://github.com/dunking99/Meridian-Primary
[2026-09-22 17:11:35]   git:  * branch            main       -> FETCH_HEAD
[2026-09-22 17:11:35] No update available (up to date at 2acf2a6).
[2026-09-22 17:16:35]   git: From https://github.com/dunking99/Meridian-Primary
[2026-09-22 17:16:35]   git:  * branch            main       -> FETCH_HEAD
[2026-09-22 17:16:35] No update available (up to date at 2acf2a6).
[2026-09-22 17:21:36]   git: From https://github.com/dunking99/Meridian-Primary
[2026-09-22 17:21:36]   git:  * branch            main       -> FETCH_HEAD
[2026-09-22 17:21:36] No update available (up to date at 2acf2a6).
[2026-09-22 17:26:36]   git: From https://github.com/dunking99/Meridian-Primary
[2026-09-22 17:26:36]   git:  * branch            main       -> FETCH_HEAD
[2026-09-22 17:26:36] No update available (up to date at 2acf2a6).
[2026-09-22 17:31:35]   git: From https://github.com/dunking99/Meridian-Primary
[2026-09-22 17:31:35]   git:  * branch            main       -> FETCH_HEAD
[2026-09-22 17:31:35] No update available (up to date at 2acf2a6).
[2026-09-22 17:36:36]   git: From https://github.com/dunking99/Meridian-Primary
[2026-09-22 17:36:36]   git:  * branch            main       -> FETCH_HEAD
[2026-09-22 17:36:36] No update available (up to date at 2acf2a6).
[2026-09-22 17:41:36]   git: From https://github.com/dunking99/Meridian-Primary
[2026-09-22 17:41:36]   git:  * branch            main       -> FETCH_HEAD
[2026-09-22 17:41:36] No update available (up to date at 2acf2a6).
[2026-09-22 17:46:36]   git: From https://github.com/dunking99/Meridian-Primary
[2026-09-22 17:46:36]   git:  * branch            main       -> FETCH_HEAD
[2026-09-22 17:46:36] No update available (up to date at 2acf2a6).
[2026-09-22 17:51:35]   git: From https://github.com/dunking99/Meridian-Primary
[2026-09-22 17:51:35]   git:  * branch            main       -> FETCH_HEAD
[2026-09-22 17:51:35] No update available (up to date at 2acf2a6).
[2026-09-22 17:56:36]   git: From https://github.com/dunking99/Meridian-Primary
[2026-09-22 17:56:36]   git:  * branch            main       -> FETCH_HEAD
[2026-09-22 17:56:36] No update available (up to date at 2acf2a6).
[2026-09-22 18:01:34]   git: From https://github.com/dunking99/Meridian-Primary
[2026-09-22 18:01:34]   git:  * branch            main       -> FETCH_HEAD
[2026-09-22 18:01:35] No update available (up to date at 2acf2a6).
[2026-09-22 18:06:34]   git: From https://github.com/dunking99/Meridian-Primary
[2026-09-22 18:06:34]   git:  * branch            main       -> FETCH_HEAD
[2026-09-22 18:06:34] No update available (up to date at 2acf2a6).
[2026-09-22 18:11:34]   git: From https://github.com/dunking99/Meridian-Primary
[2026-09-22 18:11:34]   git:  * branch            main       -> FETCH_HEAD
[2026-09-22 18:11:34] No update available (up to date at 2acf2a6).
[2026-09-22 18:16:34]   git: From https://github.com/dunking99/Meridian-Primary
[2026-09-22 18:16:34]   git:  * branch            main       -> FETCH_HEAD
[2026-09-22 18:16:35] No update available (up to date at 2acf2a6).
[2026-09-22 18:21:34]   git: From https://github.com/dunking99/Meridian-Primary
[2026-09-22 18:21:34]   git:  * branch            main       -> FETCH_HEAD
[2026-09-22 18:21:34] No update available (up to date at 2acf2a6).
[2026-09-22 18:26:35]   git: From https://github.com/dunking99/Meridian-Primary
[2026-09-22 18:26:35]   git:  * branch            main       -> FETCH_HEAD
[2026-09-22 18:26:35] No update available (up to date at 2acf2a6).
[2026-09-22 18:31:35]   git: From https://github.com/dunking99/Meridian-Primary
[2026-09-22 18:31:35]   git:  * branch            main       -> FETCH_HEAD
[2026-09-22 18:31:35] No update available (up to date at 2acf2a6).
[2026-09-22 18:36:35]   git: From https://github.com/dunking99/Meridian-Primary
[2026-09-22 18:36:35]   git:  * branch            main       -> FETCH_HEAD
[2026-09-22 18:36:35] No update available (up to date at 2acf2a6).
[2026-09-22 18:41:34]   git: From https://github.com/dunking99/Meridian-Primary
[2026-09-22 18:41:34]   git:  * branch            main       -> FETCH_HEAD
[2026-09-22 18:41:35] No update available (up to date at 2acf2a6).
[2026-09-22 18:46:34]   git: From https://github.com/dunking99/Meridian-Primary
[2026-09-22 18:46:34]   git:  * branch            main       -> FETCH_HEAD
[2026-09-22 18:46:35] No update available (up to date at 2acf2a6).
[2026-09-22 18:51:35]   git: From https://github.com/dunking99/Meridian-Primary
[2026-09-22 18:51:35]   git:  * branch            main       -> FETCH_HEAD
[2026-09-22 18:51:35] No update available (up to date at 2acf2a6).
[2026-09-22 18:56:35]   git: From https://github.com/dunking99/Meridian-Primary
[2026-09-22 18:56:35]   git:  * branch            main       -> FETCH_HEAD
[2026-09-22 18:56:35] No update available (up to date at 2acf2a6).
[2026-09-22 19:01:35]   git: From https://github.com/dunking99/Meridian-Primary
[2026-09-22 19:01:35]   git:  * branch            main       -> FETCH_HEAD
[2026-09-22 19:01:35] No update available (up to date at 2acf2a6).
[2026-09-22 19:06:36]   git: From https://github.com/dunking99/Meridian-Primary
[2026-09-22 19:06:36]   git:  * branch            main       -> FETCH_HEAD
[2026-09-22 19:06:36] No update available (up to date at 2acf2a6).
[2026-09-22 19:11:35]   git: From https://github.com/dunking99/Meridian-Primary
[2026-09-22 19:11:35]   git:  * branch            main       -> FETCH_HEAD
[2026-09-22 19:11:35] No update available (up to date at 2acf2a6).
[2026-09-22 19:16:35]   git: From https://github.com/dunking99/Meridian-Primary
[2026-09-22 19:16:35]   git:  * branch            main       -> FETCH_HEAD
[2026-09-22 19:16:35] No update available (up to date at 2acf2a6).
[2026-09-22 19:21:35]   git: From https://github.com/dunking99/Meridian-Primary
[2026-09-22 19:21:35]   git:  * branch            main       -> FETCH_HEAD
[2026-09-22 19:21:35] No update available (up to date at 2acf2a6).
[2026-09-22 19:26:35]   git: From https://github.com/dunking99/Meridian-Primary
[2026-09-22 19:26:35]   git:  * branch            main       -> FETCH_HEAD
[2026-09-22 19:26:35] No update available (up to date at 2acf2a6).
[2026-09-22 19:31:34]   git: From https://github.com/dunking99/Meridian-Primary
[2026-09-22 19:31:34]   git:  * branch            main       -> FETCH_HEAD
[2026-09-22 19:31:35] No update available (up to date at 2acf2a6).
[2026-09-22 19:36:35]   git: From https://github.com/dunking99/Meridian-Primary
[2026-09-22 19:36:35]   git:  * branch            main       -> FETCH_HEAD
[2026-09-22 19:36:35] No update available (up to date at 2acf2a6).
[2026-09-22 19:41:35]   git: From https://github.com/dunking99/Meridian-Primary
[2026-09-22 19:41:35]   git:  * branch            main       -> FETCH_HEAD
[2026-09-22 19:41:35] No update available (up to date at 2acf2a6).
[2026-09-22 19:46:35]   git: From https://github.com/dunking99/Meridian-Primary
[2026-09-22 19:46:35]   git:  * branch            main       -> FETCH_HEAD
[2026-09-22 19:46:35] No update available (up to date at 2acf2a6).
[2026-09-22 19:51:35]   git: From https://github.com/dunking99/Meridian-Primary
[2026-09-22 19:51:35]   git:  * branch            main       -> FETCH_HEAD
[2026-09-22 19:51:35] No update available (up to date at 2acf2a6).
[2026-09-22 19:56:35]   git: From https://github.com/dunking99/Meridian-Primary
[2026-09-22 19:56:35]   git:  * branch            main       -> FETCH_HEAD
[2026-09-22 19:56:35] No update available (up to date at 2acf2a6).
[2026-09-22 20:01:35]   git: From https://github.com/dunking99/Meridian-Primary
[2026-09-22 20:01:35]   git:  * branch            main       -> FETCH_HEAD
[2026-09-22 20:01:35] No update available (up to date at 2acf2a6).
[2026-09-22 20:06:35]   git: From https://github.com/dunking99/Meridian-Primary
[2026-09-22 20:06:35]   git:  * branch            main       -> FETCH_HEAD
[2026-09-22 20:06:35] No update available (up to date at 2acf2a6).
[2026-09-22 20:11:35]   git: From https://github.com/dunking99/Meridian-Primary
[2026-09-22 20:11:35]   git:  * branch            main       -> FETCH_HEAD
[2026-09-22 20:11:35] No update available (up to date at 2acf2a6).
[2026-09-22 20:16:35]   git: From https://github.com/dunking99/Meridian-Primary
[2026-09-22 20:16:35]   git:  * branch            main       -> FETCH_HEAD
[2026-09-22 20:16:35] No update available (up to date at 2acf2a6).
[2026-09-22 20:21:35]   git: From https://github.com/dunking99/Meridian-Primary
[2026-09-22 20:21:35]   git:  * branch            main       -> FETCH_HEAD
[2026-09-22 20:21:35] No update available (up to date at 2acf2a6).
[2026-09-22 20:26:35]   git: From https://github.com/dunking99/Meridian-Primary
[2026-09-22 20:26:35]   git:  * branch            main       -> FETCH_HEAD
[2026-09-22 20:26:35] No update available (up to date at 2acf2a6).
[2026-09-22 20:31:35]   git: From https://github.com/dunking99/Meridian-Primary
[2026-09-22 20:31:35]   git:  * branch            main       -> FETCH_HEAD
[2026-09-22 20:31:35] No update available (up to date at 2acf2a6).
[2026-09-22 20:36:35]   git: From https://github.com/dunking99/Meridian-Primary
[2026-09-22 20:36:35]   git:  * branch            main       -> FETCH_HEAD
[2026-09-22 20:36:35] No update available (up to date at 2acf2a6).
[2026-09-22 20:41:35]   git: From https://github.com/dunking99/Meridian-Primary
[2026-09-22 20:41:35]   git:  * branch            main       -> FETCH_HEAD
[2026-09-22 20:41:35] No update available (up to date at 2acf2a6).
[2026-09-22 20:46:35]   git: From https://github.com/dunking99/Meridian-Primary
[2026-09-22 20:46:35]   git:  * branch            main       -> FETCH_HEAD
[2026-09-22 20:46:35] No update available (up to date at 2acf2a6).
[2026-09-22 20:51:35]   git: From https://github.com/dunking99/Meridian-Primary
[2026-09-22 20:51:35]   git:  * branch            main       -> FETCH_HEAD
[2026-09-22 20:51:35] No update available (up to date at 2acf2a6).
[2026-09-22 20:56:35]   git: From https://github.com/dunking99/Meridian-Primary
[2026-09-22 20:56:35]   git:  * branch            main       -> FETCH_HEAD
[2026-09-22 20:56:35] No update available (up to date at 2acf2a6).
[2026-09-22 21:01:35]   git: From https://github.com/dunking99/Meridian-Primary
[2026-09-22 21:01:35]   git:  * branch            main       -> FETCH_HEAD
[2026-09-22 21:01:35] No update available (up to date at 2acf2a6).
[2026-09-22 21:06:35]   git: From https://github.com/dunking99/Meridian-Primary
[2026-09-22 21:06:35]   git:  * branch            main       -> FETCH_HEAD
[2026-09-22 21:06:35] No update available (up to date at 2acf2a6).
[2026-09-22 21:11:35]   git: From https://github.com/dunking99/Meridian-Primary
[2026-09-22 21:11:35]   git:  * branch            main       -> FETCH_HEAD
[2026-09-22 21:11:35] No update available (up to date at 2acf2a6).
[2026-09-22 21:16:35]   git: From https://github.com/dunking99/Meridian-Primary
[2026-09-22 21:16:35]   git:  * branch            main       -> FETCH_HEAD
[2026-09-22 21:16:35] No update available (up to date at 2acf2a6).
[2026-09-22 21:21:35]   git: From https://github.com/dunking99/Meridian-Primary
[2026-09-22 21:21:35]   git:  * branch            main       -> FETCH_HEAD
[2026-09-22 21:21:35] No update available (up to date at 2acf2a6).
[2026-09-22 21:26:35]   git: From https://github.com/dunking99/Meridian-Primary
[2026-09-22 21:26:35]   git:  * branch            main       -> FETCH_HEAD
[2026-09-22 21:26:35] No update available (up to date at 2acf2a6).
[2026-09-22 21:31:35]   git: From https://github.com/dunking99/Meridian-Primary
[2026-09-22 21:31:35]   git:  * branch            main       -> FETCH_HEAD
[2026-09-22 21:31:35] No update available (up to date at 2acf2a6).
[2026-09-22 21:36:35]   git: From https://github.com/dunking99/Meridian-Primary
[2026-09-22 21:36:35]   git:  * branch            main       -> FETCH_HEAD
[2026-09-22 21:36:35] No update available (up to date at 2acf2a6).
[2026-09-22 21:41:35]   git: From https://github.com/dunking99/Meridian-Primary
[2026-09-22 21:41:35]   git:  * branch            main       -> FETCH_HEAD
[2026-09-22 21:41:35] No update available (up to date at 2acf2a6).
[2026-09-22 21:46:36]   git: From https://github.com/dunking99/Meridian-Primary
[2026-09-22 21:46:36]   git:  * branch            main       -> FETCH_HEAD
[2026-09-22 21:46:36] No update available (up to date at 2acf2a6).
[2026-09-22 21:51:35]   git: From https://github.com/dunking99/Meridian-Primary
[2026-09-22 21:51:35]   git:  * branch            main       -> FETCH_HEAD
[2026-09-22 21:51:35] No update available (up to date at 2acf2a6).
[2026-09-22 21:56:36]   git: From https://github.com/dunking99/Meridian-Primary
[2026-09-22 21:56:36]   git:  * branch            main       -> FETCH_HEAD
[2026-09-22 21:56:36] No update available (up to date at 2acf2a6).
[2026-09-22 22:01:36]   git: From https://github.com/dunking99/Meridian-Primary
[2026-09-22 22:01:36]   git:  * branch            main       -> FETCH_HEAD
[2026-09-22 22:01:36] No update available (up to date at 2acf2a6).
[2026-09-22 22:06:35]   git: From https://github.com/dunking99/Meridian-Primary
[2026-09-22 22:06:35]   git:  * branch            main       -> FETCH_HEAD
[2026-09-22 22:06:35] No update available (up to date at 2acf2a6).
[2026-09-22 22:11:36]   git: From https://github.com/dunking99/Meridian-Primary
[2026-09-22 22:11:36]   git:  * branch            main       -> FETCH_HEAD
[2026-09-22 22:11:36] No update available (up to date at 2acf2a6).
[2026-09-22 22:16:35]   git: From https://github.com/dunking99/Meridian-Primary
[2026-09-22 22:16:35]   git:  * branch            main       -> FETCH_HEAD
[2026-09-22 22:16:35] No update available (up to date at 2acf2a6).
[2026-09-22 22:21:35]   git: From https://github.com/dunking99/Meridian-Primary
[2026-09-22 22:21:35]   git:  * branch            main       -> FETCH_HEAD
[2026-09-22 22:21:35] No update available (up to date at 2acf2a6).
[2026-09-22 22:26:36]   git: From https://github.com/dunking99/Meridian-Primary
[2026-09-22 22:26:36]   git:  * branch            main       -> FETCH_HEAD
[2026-09-22 22:26:36] No update available (up to date at 2acf2a6).
[2026-09-22 22:31:37]   git: From https://github.com/dunking99/Meridian-Primary
[2026-09-22 22:31:37]   git:  * branch            main       -> FETCH_HEAD
[2026-09-22 22:31:37] No update available (up to date at 2acf2a6).
[2026-09-22 22:36:39]   git: From https://github.com/dunking99/Meridian-Primary
[2026-09-22 22:36:39]   git:  * branch            main       -> FETCH_HEAD
[2026-09-22 22:36:39] No update available (up to date at 2acf2a6).
[2026-09-22 22:41:36]   git: From https://github.com/dunking99/Meridian-Primary
[2026-09-22 22:41:36]   git:  * branch            main       -> FETCH_HEAD
[2026-09-22 22:41:36] No update available (up to date at 2acf2a6).
[2026-09-22 22:46:36]   git: From https://github.com/dunking99/Meridian-Primary
[2026-09-22 22:46:36]   git:  * branch            main       -> FETCH_HEAD
[2026-09-22 22:46:36] No update available (up to date at 2acf2a6).
[2026-09-22 22:51:37]   git: From https://github.com/dunking99/Meridian-Primary
[2026-09-22 22:51:37]   git:  * branch            main       -> FETCH_HEAD
[2026-09-22 22:51:37] No update available (up to date at 2acf2a6).
[2026-09-22 22:56:36]   git: From https://github.com/dunking99/Meridian-Primary
[2026-09-22 22:56:36]   git:  * branch            main       -> FETCH_HEAD
[2026-09-22 22:56:36] No update available (up to date at 2acf2a6).
[2026-09-22 23:01:35]   git: From https://github.com/dunking99/Meridian-Primary
[2026-09-22 23:01:35]   git:  * branch            main       -> FETCH_HEAD
[2026-09-22 23:01:35] No update available (up to date at 2acf2a6).
[2026-09-22 23:06:35]   git: From https://github.com/dunking99/Meridian-Primary
[2026-09-22 23:06:35]   git:  * branch            main       -> FETCH_HEAD
[2026-09-22 23:06:35] No update available (up to date at 2acf2a6).
[2026-09-22 23:11:35]   git: From https://github.com/dunking99/Meridian-Primary
[2026-09-22 23:11:35]   git:  * branch            main       -> FETCH_HEAD
[2026-09-22 23:11:36] No update available (up to date at 2acf2a6).
[2026-09-22 23:16:36]   git: From https://github.com/dunking99/Meridian-Primary
[2026-09-22 23:16:36]   git:  * branch            main       -> FETCH_HEAD
[2026-09-22 23:16:36] No update available (up to date at 2acf2a6).
[2026-09-22 23:21:36]   git: From https://github.com/dunking99/Meridian-Primary
[2026-09-22 23:21:36]   git:  * branch            main       -> FETCH_HEAD
[2026-09-22 23:21:36] No update available (up to date at 2acf2a6).
[2026-09-23 13:45:19]   git: From https://github.com/dunking99/Meridian-Primary
[2026-09-23 13:45:19]   git:  * branch            main       -> FETCH_HEAD
[2026-09-23 13:45:19] No update available (up to date at 2acf2a6).
[2026-09-23 13:45:21] App isn't running -- starting it.
[2026-09-23 13:45:21] Restarting Meridian...
[2026-09-23 13:45:23] Restart issued.
[2026-09-23 13:46:40]   git: From https://github.com/dunking99/Meridian-Primary
[2026-09-23 13:46:40]   git:  * branch            main       -> FETCH_HEAD
[2026-09-23 13:46:40] No update available (up to date at 2acf2a6).
[2026-09-23 13:51:35]   git: From https://github.com/dunking99/Meridian-Primary
[2026-09-23 13:51:35]   git:  * branch            main       -> FETCH_HEAD
[2026-09-23 13:51:35] No update available (up to date at 2acf2a6).
[2026-09-23 13:56:36]   git: From https://github.com/dunking99/Meridian-Primary
[2026-09-23 13:56:36]   git:  * branch            main       -> FETCH_HEAD
[2026-09-23 13:56:36] No update available (up to date at 2acf2a6).
[2026-09-23 14:01:36]   git: From https://github.com/dunking99/Meridian-Primary
[2026-09-23 14:01:36]   git:  * branch            main       -> FETCH_HEAD
[2026-09-23 14:01:36] No update available (up to date at 2acf2a6).
[2026-09-23 14:06:36]   git: From https://github.com/dunking99/Meridian-Primary
[2026-09-23 14:06:36]   git:  * branch            main       -> FETCH_HEAD
[2026-09-23 14:06:36] No update available (up to date at 2acf2a6).
[2026-09-23 14:11:35]   git: From https://github.com/dunking99/Meridian-Primary
[2026-09-23 14:11:35]   git:  * branch            main       -> FETCH_HEAD
[2026-09-23 14:11:35] No update available (up to date at 2acf2a6).
[2026-09-23 14:16:35]   git: From https://github.com/dunking99/Meridian-Primary
[2026-09-23 14:16:35]   git:  * branch            main       -> FETCH_HEAD
[2026-09-23 14:16:35] No update available (up to date at 2acf2a6).
[2026-09-23 14:21:35]   git: From https://github.com/dunking99/Meridian-Primary
[2026-09-23 14:21:35]   git:  * branch            main       -> FETCH_HEAD
[2026-09-23 14:21:35] No update available (up to date at 2acf2a6).
[2026-09-23 14:26:35]   git: From https://github.com/dunking99/Meridian-Primary
[2026-09-23 14:26:35]   git:  * branch            main       -> FETCH_HEAD
[2026-09-23 14:26:35] No update available (up to date at 2acf2a6).
[2026-09-23 14:31:35]   git: From https://github.com/dunking99/Meridian-Primary
[2026-09-23 14:31:35]   git:  * branch            main       -> FETCH_HEAD
[2026-09-23 14:31:35] No update available (up to date at 2acf2a6).
